part_number,description,unit,category,related_equipment,par_level
53000600,SMTPWR 3PROD ASSY PKD,Each,Equipment,SMARTPOWER DISPENSER,0
92581012,ADV LNDRY 4PMP 208V PKD,Each,Equipment,LAUNDRY DISPENSER,1
92291203,OASIS HIGH SECURITY PKD,Each,Equipment,OASIS DISPENSER,1
93021013,SOLUBLZR CYAN ACID DISPPKD,Each,Equipment,CHEMICAL DISPENSING MISCELLANEOUS EQUIP,1
96522562,EC LWR WASH ARM ASSY,Each,Equipment,WAREWASHING ARM,1
96522563,EC UPR WASH ARM ASSY,Each,Equipment,#N/A,1
53004629,SOL SCTY ENCL PKD,Each,Equipment,MISCELLANEOUS SPARE PARTS,1
96582081,PMP&MOT ASSY OMEGA HT,Each,Equipment,DISHMACHINE MISCELLANEOUS SPARE PARTS,1
92301014,SOILAWAY TIME/CNDCT CONTPKD,Each,Equipment,SOIL A WAY DISPENSER,1
96551010,TSC ON BOARD ASSY PKD WHT,Each,Equipment,MISCELLANEOUS SPARE PARTS,1
53000317,EHT CONT PRGM,Each,Equipment,MISCELLANEOUS SPARE PARTS,1
96021936,GEAR DRIVE ES44 AND EC,Each,Equipment,DISHMACHINE MISCELLANEOUS SPARE PARTS,1
96561980,BELL END 499 STERO,Each,Equipment,DISHMACHINE MISCELLANEOUS SPARE PARTS,1
89001032,HTR WTR 4GAL 120V/12A,Each,Equipment,MISCELLANEOUS SPARE PARTS,1
96522275,DOOR EC HIH W/BADGE ASSY,Each,Equipment,MISCELLANEOUS SPARE PARTS,1
92842228,HYDROCHEM II,Each,Equipment,HYDROMCHEM DISPENSER,1
92591032,HI FLW UNIV FLUSH MANF PKD,Each,Equipment,MISCELLANEOUS SPARE PARTS,1
92181644,EHT RINSE MAX PKD,Each,Equipment,EHT,1
50000050,PMP CNTFGL 115V MAG DRIVE GRFPP,Each,Equipment,MISCELLANEOUS SPARE PARTS,1
96581005,TSC SOL SNTZR DISP PKD WHT,Each,Equipment,DISHMACHINE MISCELLANEOUS SPARE PARTS,1
89001036,ELEM HTR 9KW 208V,Each,Equipment,HEATER ELEMENTS,1
96852006,PMP&MOT ASSY 1HP 230/60/1,Each,Equipment,MISCELLANEOUS SPARE PARTS,1
90012808,ONE SHOT 1PMP LNDRY DISP,Each,Equipment,LAUNDRY DISPENSER,1
53001440,PWA IO NANO,Each,Equipment,#N/A,1
53000318,AB300 FR CONT PRGM,Each,Equipment,#N/A,1
93022524,SNSR FLMTR 1/4FNPT PP,Each,Equipment,MISCELLANEOUS SPARE PARTS,1
53003394,NANO RNS MANF ASSY RETRO KIT,Each,Equipment,MISCELLANEOUS SPARE PARTS,1
92591108,LCLS CONTROLLER PRGM PKD,Each,Equipment,LAUNDRY PARTS,1
83710061,MOT 1/4HP 115/208-230V 1PH,Each,Equipment,DISHMACHINE MOTOR,1
96522249,BSKT PREWASH SCRP EC66,Each,Equipment,DISHMACHINE MISCELLANEOUS SPARE PARTS,1
10042675,LAUNDRY ANALYSIS TK 440,Each,Equipment,TEST KITS,1
89001017,ELEM HTR IMRS 15KW/230 FLG,Each,Equipment,#N/A,1
96031513,TIMER FAN DELAY 240V.8AMP,Each,Equipment,DISHMACHINE MISCELLANEOUS SPARE PARTS,1
89853065,CA INFRARED M9 M30 UNILINC,Each,Equipment,LAUNDRY ACCESSORIES,1
89001018,ELEM HTR IMRS 15KW/460/3FLG,Each,Equipment,HEATER ELEMENTS,1
93202259,CRTG ECO-TO20S PKD SGL,Each,Equipment,HIGH CAPACITY-TOD,1
85244013,VLV CHK Y 1-1/2 CLEAR PVC,Each,Equipment,MISCELLANEOUS SPARE PARTS,1
85312437,NZL PRG 1/8FNPT 2GPH,Each,Equipment,#N/A,1
96542178,ARM DR SPR M4 UC,Each,Equipment,PENDING,1
96663049,PWA EHT DMI V2,Each,Equipment,DISHMACHINE MISCELLANEOUS SPARE PARTS,1
93201033,CRTG SFTNG F2O BB PKD,Each,Equipment,CAPSULE-SOFTENING,1
50001379,PMP DPHM 20LPH FPM 24VDC PVDF HEAD,Each,Equipment,#N/A,1
92231406,KLENE VIEW PKD,Each,Equipment,MISCELLANEOUS SPARE PARTS,1
96031042,TMR EXH FAN,Each,Equipment,DISHMACHINE MISCELLANEOUS SPARE PARTS,1
85019082,TBG FLX 1.315 OD 50FT PVC,Each,Equipment,TUBING,1
93202258,CRTG ECO-TO14S PKD SGL,Each,Equipment,HIGH CAPACITY-TOD,1
96222012,ELEM HTR 14KW/208/3 WIRED,Each,Equipment,MISCELLANEOUS SPARE PARTS,1
96633002,DOOR OMEGA 5E WLDMT,Each,Equipment,DISHMACHINE DOOR PARTS,1
96522160,LKGE DR EC WLDMT,Each,Equipment,MISCELLANEOUS SPARE PARTS,1
92592534,PMP PERSTLC40OZ120V ECOSTAR,Each,Equipment,#N/A,1
84803782,RLR BLK KNIGHT 900,Each,Equipment,MISCELLANEOUS SPARE PARTS,1
96020359,ES44&WH44 VENT SCOOP ASSY,Each,Equipment,DISHMACHINE MISCELLANEOUS SPARE PARTS,1
96522212,MANF FNL RNS HIH EC WLDMT,Each,Equipment,MISCELLANEOUS SPARE PARTS,1
96522185,MANF FNL RNS STDH EC WLDMT,Each,Equipment,MISCELLANEOUS SPARE PARTS,1
83900021,FU BLK 60A 300V 2P DUAL,Each,Equipment,DISHMACHINE MISCELLANEOUS SPARE PARTS,1
84960001,FLMTR STC 1-1/2 20-100GPM,Each,Equipment,DISHMACHINE MISCELLANEOUS SPARE PARTS,1
96029483,VLV PRESS RDCG 1/2 10-35PSI,Each,Equipment,VALVE-MECHANICAL,1
92583681,TSTAR XP II MACH INTFC,Each,Equipment,MISCELLANEOUS SPARE PARTS,1
96527547,DOOR OMEGA 5E WLDMT,Each,Equipment,DISHMACHINE DOOR PARTS,1
96527548,WASH ARM OMEGA 5E WLDMT,Each,Equipment,#N/A,1
93202256,CRTG ECO-TO10S PKD SGL,Each,Equipment,HIGH CAPACITY-TOD,1
92581222,TSTAR XP TURBO BOOST KIT,Each,Equipment,MISCELLANEOUS SPARE PARTS,1
50001010,VLV SLND 1/2NPT 24VDC,Each,Equipment,MISCELLANEOUS SPARE PARTS,1
85260511,VLV SLND 3/4 120/240V,Each,Equipment,SOLENOID-VALVE,1
50000449,CONTR 3P 690VAC-220VDC,Each,Equipment,MISCELLANEOUS SPARE PARTS,1
96522133,STRN TUB EC WLDMT,Each,Equipment,DISHMACHINE MISCELLANEOUS SPARE PARTS,1
89005425,LO WATER CONTROL 120V,Each,Equipment,DISHMACHINE MISCELLANEOUS SPARE PARTS,1
89990808,FUNL 12DIA W/8 STEM HDPE,Each,Equipment,MISCELLANEOUS SPARE PARTS,1
96661220,FIR WASHPMP LGHARN CVRSNKIT,Each,Equipment,#N/A,1
96542875,VAC BRKR 1/2 IN BRS M/D,Each,Equipment,VACUUM BREAKER,1
93202198,CRTG ECO-TO10 PKD SGL,Each,Equipment,HIGH CAPACITY-TOD,1
53005638,ELT COMBARM ASSY,Each,Equipment,MISCELLANEOUS SPARE PARTS,1
92232196,PWA APEX NGC I/O,Each,Equipment,DISHMACHINE MISCELLANEOUS SPARE PARTS,1
89001012,ELEM HTR 9KW 480V 15-1/4,Each,Equipment,HEATER ELEMENTS,1
85202011,VLV GATE 1 PVC SOC,Each,Equipment,MISCELLANEOUS SPARE PARTS,1
85015003,TBG FLX .5X.062 PE BLK100FT,Each,Equipment,TUBING,1
83900024,FU BLK 60A 600V 3P,Each,Equipment,MISCELLANEOUS SPARE PARTS,1
53004170,MDS BTL/BKT 4OZ/GAL YEL CLR PKD,Each,Equipment,HOUSEKEEPING TOOLS,1
53004172,MDS BTL/BKT 6OZ/GAL BLK CLR PKD,Each,Equipment,HOUSEKEEPING TOOLS,1
53001117,PUMPUP FMR 5L SWSHNWLK,Each,Equipment,HYDROFOAMER,1
53001396,ELEM HTG HT BSTR TK NANO,Each,Equipment,MISCELLANEOUS SPARE PARTS,1
92651010,LOCKBOX 2-1/2GAL W/HASP,Each,Equipment,MISCELLANEOUS SPARE PARTS,1
92211868,SINKRITE 2VLV HHS PKD,Each,Equipment,OTHER DISPENSER,1
93201094,1/2 BRD HOSE LLD INST KIT,Each,Equipment,HIGH CAPACITY FILTRATION-INSTALL KIT,1
96522194,PLMB VAC BRKR-VLV EC WLDMT,Each,Equipment,MISCELLANEOUS SPARE PARTS,1
87305025,CLP SDL 2-1/2IPS PVC SKT,Each,Equipment,#N/A,1
96522162,LKGE PAWL BAR EC WLDMT,Each,Equipment,MISCELLANEOUS SPARE PARTS,1
93201095,3/8 BRD HOSE INSTL KIT,Each,Equipment,MODULAR FILTRATION-INSTALL KIT,1
96211110,QIKCHG STARTER KIT,Each,Equipment,HOUSEKEEPING TOOLS,1
96028196,SOLENOID 1/4'' OMEGA,Each,Equipment,DISHMACHINE MISCELLANEOUS SPARE PARTS,1
50000903,VLV CHK BALL 1/8BARB PP PKD,Each,Equipment,#N/A,1
92001016,NSF HOSE W/SDSTRM 1052,Each,Equipment,HOUSEKEEPING TOOLS,1
92232800,GS PRESOAK TIMING CYL ASSY,Each,Equipment,DISHMACHINE MISCELLANEOUS SPARE PARTS,1
92331061,PRDC HDLR AND STRN 5GAL PKD,Each,Equipment,MISCELLANEOUS TOOLS AND SUPPLIES,1
93032022,ELECTRODE ORP W/CA RED BNC,Each,Equipment,P&S CONTROLLERS AND PARTS,1
96021167,XFMR 230/460X115 150VA,Each,Equipment,DISHMACHINE MISCELLANEOUS SPARE PARTS,1
53001608,ECLW RACK PDL SW ACTR ASSY,Each,Equipment,#N/A,1
96582153,CONTR HTR 4P 1PH 110V 40A,Each,Equipment,CONTACTOR,1
92231044,TRANSFORMER WIRING 480V KIT,Each,Equipment,DISHMACHINE MISCELLANEOUS SPARE PARTS,1
85254191,VLV BALL 1 SKT/NPT PVC 546,Each,Equipment,VALVE-BALL,1
92001009,TBG FLX .625X.125X100FT PVC,Each,Equipment,TUBING,1
53004484,LIQUID FUN PUMP W/HASTELLOY SPRINGS PKD,Each,Equipment,MISCELLANEOUS SPARE PARTS,1
94881265,PICK-UP PROBE 3/8 55 GAL STD ASSY,Each,Equipment,MISCELLANEOUS SPARE PARTS,1
92301016,RX CENTER THERM/CA PKD,Each,Equipment,#N/A,1
83000835,CONTR 4P 208-240V 50A RES,Each,Equipment,CONTACTOR,1
90011050,EZ SYS LEG MT KIT,Each,Equipment,#N/A,1
92582493,CA DB9 CONN TSTAR XP 50FT,Each,Equipment,LAUNDRY PARTS,1
96022006,CURT ''PROTECTOR'' 20-1/2X27,Each,Equipment,CURTAINS-SPLASH,1
92702001,WRENCH BUNG NO W-168 COMB,Each,Equipment,MISCELLANEOUS SPARE PARTS,1
87305001,CLP SDL 2-1/2SLIP PVC CLPIT,Each,Equipment,#N/A,1
96542519,MOT CHEMINJ 140RPM12VDC M/D,Each,Equipment,DISHMACHINE MOTOR,1
89005148,THERMO PRB 185DEG ADJ,Each,Equipment,#N/A,1
93203893,FRESH2O 5.0 MICRON TOD,Each,Equipment,MODULAR CARTRIDGE - TOD,1
92901149,WWD100 DOLLY BRN PKD,Each,Equipment,WASTE WELL DOLLY,1
85221018,RGLTR WTR 1/4 50PSI 180F,Each,Equipment,MISCELLANEOUS SPARE PARTS,1
83700001,MOT GR 24VDC 21RPM,Each,Equipment,#N/A,1
83740316,MOT GR 115V 125RPM,Each,Equipment,#N/A,1
96582064,WASHARM ES2000,Each,Equipment,DISHMACHINE MISCELLANEOUS SPARE PARTS,1
96522195,PLMB FILL-CHMBR EC WLDMT,Each,Equipment,#N/A,1
96631365,THERMOSTAT OMEGA 5E,Each,Equipment,DISHMACHINE MISCELLANEOUS SPARE PARTS,1
93202596,STP TST WTR AQUACHK 50/VIAL,Each,Equipment,MISCELLANEOUS SPARE PARTS,1
96582255,THERMOSTAT RNS ES2000HT,Each,Equipment,DISHMACHINE MISCELLANEOUS SPARE PARTS,1
92908425,DOLLY PAIL 11 W/5CAST PLSTC,Each,Equipment,SCOOP,1
93032017,ELECTRODE PHW/CA BLU BNC,Each,Equipment,P&S CONTROLLERS AND PARTS,1
92232129,SNSR EVOL W/0.2M CA,Each,Equipment,MISCELLANEOUS SPARE PARTS,1
83740209,MOT GR 115V .53A 36RPM,Each,Equipment,DISPENSER MOTOR,1
96020151,VLV BALL 1-1/2NPT ES44,Each,Equipment,VALVE-BALL,1
83900016,FU 1A 600V 2PK,Each,Equipment,MISCELLANEOUS SPARE PARTS,1
96030317,ET1 & HT PER-PUMP 24V,Each,Equipment,DISHMACHINE MISCELLANEOUS SPARE PARTS,1
96582420,APEX TSC SNTZR RPR KIT WHT,Each,Equipment,APEX DISPENSER PARTS,1
53001267,CURT 20.5WX19L EC PVC,Each,Equipment,PENDING,1
92652530,SCRUB FREE PMPUP FMR 2PK,Each,Equipment,#N/A,1
85280634,VAC BRKR RPR KIT,Each,Equipment,VACUUM BREAKER REPAIR KIT,1
96527602,INJ RNS EC WLDMT,Each,Equipment,MISCELLANEOUS SPARE PARTS,1
83000398,RLY PLUG-IN DPDT 240V 5A,Each,Equipment,#N/A,1
92321009,EXPRESS FEEDER 154 PKD,Each,Equipment,#N/A,1
96583000,SPILLWAY W/11IN TUBE WLDMT,Each,Equipment,DISHMACHINE MISCELLANEOUS SPARE PARTS,1
96522227,STRN PREWASH INTK EC66,Each,Equipment,DISHMACHINE MISCELLANEOUS SPARE PARTS,1
96581194,WASHARM ES4000,Each,Equipment,DISHMACHINE MISCELLANEOUS SPARE PARTS,1
89009104,GA TEMP 100TO220F 4FT CPLRY,Each,Equipment,GAUGES,1
92302055,APEX SNSR W/12FT CA 200K,Each,Equipment,#N/A,1
10042724,QUAT/BAC TK417,Each,Equipment,TEST KITS,1
83008368,CONTR 1P 120V 35A RES,Each,Equipment,CONTACTOR,1
96522149,SPCR GDE RACK EC MACH,Each,Equipment,#N/A,1
83000372,RLY PLUG-IN DPDT 24V 10A,Each,Equipment,DISHMACHINE MISCELLANEOUS SPARE PARTS,1
87301694,CLP HOSE 3/8X7/8 SST 25PK,Each,Equipment,MISCELLANEOUS SPARE PARTS,1
50001296,RLY OVLD THERMO 3P 600V 2.3-3.1 A,Each,Equipment,#N/A,1
50001298,RLY OVLD THERMO 3P 600V 4.2-5.7 A,Each,Equipment,#N/A,1
53002624,SMTPWR S&SCLNRSNTZR INSTL KIT CAN,Each,Equipment,#N/A,1
92952787,BOOSTER BLANKET LGE,Each,Equipment,DISHMACHINE MISCELLANEOUS SPARE PARTS,1
92230034,PWR SPLY CONDOR CONT PLUGIN,Each,Equipment,MISCELLANEOUS SPARE PARTS,1
90061413,VISUAL COMPLIANCE INDICATOR STRIPS BX200,Each,Equipment,#N/A,1
96021324,THERMOMETER 48 LEAD ES44,Each,Equipment,DISHMACHINE MISCELLANEOUS SPARE PARTS,1
96522127,SCOOP STRN INTK EC WLDMT,Each,Equipment,DISHMACHINE MISCELLANEOUS SPARE PARTS,1
85260030,VLV SLND 1/4FNPT 24VDC CBL,Each,Equipment,SOLENOID-VALVE,1
53002763,MCFEZ S&SCLNRSNTZR INSTL KIT,Each,Equipment,#N/A,1
92970284,THE PROTECTOR CURT22-5/8X24,Each,Equipment,CURTAINS-SPLASH,1
50000507,PWR SPLY12/24X88/264 133.2W,Each,Equipment,MISCELLANEOUS SPARE PARTS,1
96552180,ROD CURT CLE,Each,Equipment,CURTAINS-ACCESSORIES,1
50000518,PMP DRN 208V,Each,Equipment,#N/A,1
83050153,SW FLW SPST 9/16UNF-F PP,Each,Equipment,#N/A,1
53003764,ELT RNS INL HOSE ASSY,Each,Equipment,#N/A,1
96522182,COV COWL VENT EC WLDMT,Each,Equipment,MISCELLANEOUS SPARE PARTS,1
10042672,FIELD RETURN SAMPLE KIT,Each,Equipment,TEST KITS,1
92150037,PRB DUAL PU ASSY OAS PRO,Each,Equipment,OASIS PRO SPARE PARTS,1
93202085,VLV BALL 1/2FPT W/SST RNGS,Each,Equipment,#N/A,1
92655448,PH TEST STRIPS,Each,Equipment,TEST KITS,1
96522126,INJ FILL LINE EC WLDMT,Each,Equipment,MISCELLANEOUS SPARE PARTS,1
85300009,STRN LINE 3/8FNPT BRNZ,Each,Equipment,#N/A,1
92591024,XPERT INSTL KIT,Each,Equipment,MISCELLANEOUS SPARE PARTS,1
90032321,DOLLY PAIL 5-6GL PP WHT,Each,Equipment,DISH DOLLY,1
89001015,ELEM HTR IMRS 2KW/120/1 FLG,Each,Equipment,HEATER ELEMENTS,1
96021159,RLY MT 3PDT 120V TOP,Each,Equipment,DISHMACHINE MISCELLANEOUS SPARE PARTS,1
96522140,CTCH DR HOOD EC MACH,Each,Equipment,MISCELLANEOUS SPARE PARTS,1
53007229,KYSTN GREASELIFT DGRSR&FRYRCLNR INSTLKIT,Each,Equipment,OASIS INSTALL KITS,1
85015150,TBG FLX 1/4X1/16X100FT PVC,Each,Equipment,MISCELLANEOUS SPARE PARTS,1
92582311,CA DB9 CONN TSTAR XP 20FT,Each,Equipment,MISCELLANEOUS SPARE PARTS,1
96529052,HDL DR EC MACH,Each,Equipment,DISHMACHINE MISCELLANEOUS SPARE PARTS,1
92001049,TEE BR 5/8TX1/8FNPT BRS PKD,Each,Equipment,#N/A,1
92590041,LCLS PMP DISCH TBG ASSY PVDF,Each,Equipment,MISCELLANEOUS SPARE PARTS,1
92842285,HYDROCHEM REPL SPY GUN,Each,Equipment,HYDROMCHEM SPARE PARTS,1
89002364,ELEM HTR IMRS 5000W 208V,Each,Equipment,HEATER ELEMENTS,1
92151130,OAS PRO CLEAN ESCAPE LBLKIT,Each,Equipment,MISCELLANEOUS SPARE PARTS,1
92023178,DOCK STA BTL HDCARE CONC,Each,Equipment,MISCELLANEOUS SPARE PARTS,1
96527600,CAP UPR WASH ARM WLDMT,Each,Equipment,#N/A,1
92152596,PMP HAND 1OZ DEMA GREEN,Each,Equipment,HAND PUMP,1
92239086,PMP HD GEO II RNS GRA MACH,Each,Equipment,#N/A,1
96522016,BRG WASH ARM APEX HT,Each,Equipment,#N/A,1
92593128,AEROLITE REPL PUMP ROLLER,Each,Equipment,LAUNDRY PARTS,1
92652475,STNBLSTR 5 WIRE RK LBL KIT,Each,Equipment,#N/A,1
96584123,RLY 240V 2P ES18 JCKSN,Each,Equipment,DISHMACHINE MISCELLANEOUS SPARE PARTS,1
87305017,CLP SDL 2IPS PVC SKT,Each,Equipment,MISCELLANEOUS SPARE PARTS,1
87301033,CLP HOSE 1/2TO1-1/4SST 25PK,Each,Equipment,MISCELLANEOUS SPARE PARTS,1
84803394,PMP RLR KNIGHT 800,Each,Equipment,MISCELLANEOUS SPARE PARTS,1
96542854,HOSE 1/2 IN X 7 FT FGH M/D,Each,Equipment,MISCELLANEOUS SPARE PARTS,1
50001506,RLY SPST 12VDC 6A DIN,Each,Equipment,MISCELLANEOUS SPARE PARTS,1
96522124,BLT WINGNUT SHLDR EC WLDMT,Each,Equipment,#N/A,1
85282017,FLT VLV FLT 6 RND PE,Each,Equipment,MISCELLANEOUS SPARE PARTS,1
92151108,SEL4 KYSTN NEUT FLR INSTKIT,Each,Equipment,FLOOR CARE-DISPENSER LABELS,1
96522225,HDL PREWASH SRP BSKT EC66,Each,Equipment,DISHMACHINE MISCELLANEOUS SPARE PARTS,1
50002345,VAC BRKR 3/4 W/CAP SVCEAID AVB RPR KIT,Each,Equipment,#N/A,1
92582329,TBG FLX 3/8X1/8X10 SNTPRN,Each,Equipment,#N/A,1
92957067,RKF 5020M PEG HIWL BGE,Each,Equipment,PLATE AND TRAY RACK,1
92990662,RKH 928-S 8 STEM BGE 4-3/4,Each,Equipment,HALF SIZE GLASS/CUP RACK,1
93022005,ACID PMP REPL SCRN&WT,Each,Equipment,P&S CONTROLLERS AND PARTS,1
96020920,BRG MT 3/4 SA BRZ,Each,Equipment,#N/A,1
96522019,GA PRESS WTR 60PSI,Each,Equipment,GAUGES,1
10067925,R0870 10 GRAM DPD POWDER,Each,Equipment,P&S REAGENTS,1
92214815,HOSE WTR 3/8IDX6FT SST NSF,Each,Equipment,HOSE,1
96020193,NPL CLOSE 1-1/2 NPT BRS,Each,Equipment,MISCELLANEOUS SPARE PARTS,1
96542442,DF M/D WTR VLV RPR KIT,Each,Equipment,DISHMACHINE MISCELLANEOUS SPARE PARTS,1
92213909,RK WIRE DUAL OAS COMPAC PKD,Each,Equipment,#N/A,1
92151291,OAS MRNG BREEZE INSTL KIT,Each,Equipment,OASIS INSTALL KITS,1
92291996,OASIS RACK LOCK KIT,Each,Equipment,OASIS ACCESSORY,1
83260018,CD SET 14/3 8FT BLK,Each,Equipment,MISCELLANEOUS SPARE PARTS,1
83008110,CONTR 2P 240V 30A NO,Each,Equipment,CONTACTOR,1
96030739,ADPTR 1/2FTGXMALE,Each,Equipment,#N/A,1
92907534,THE PROTECTOR CURT 22X17,Each,Equipment,CURTAINS-SPLASH,1
96522120,SRCN STRN W/HDL EC WLDMT,Each,Equipment,DISHMACHINE MISCELLANEOUS SPARE PARTS,1
83050006,SW LIQ LVL FLT SPST 240V,Each,Equipment,#N/A,1
83112007,SKT RLY 3PDT,Each,Equipment,MISCELLANEOUS SPARE PARTS,1
53001395,ELEM HTG LT WASH TK NANO,Each,Equipment,MISCELLANEOUS SPARE PARTS,1
96582929,SEAT DRN SST,Each,Equipment,DISHMACHINE MISCELLANEOUS SPARE PARTS,1
92520220,SWIVEL ASSY BX PMP 15-30GL KIT,Each,Equipment,#N/A,1
85261002,VLV 3/8 MAG OPRPBNCMLD20%GF,Each,Equipment,VALVE-MECHANICAL,1
92630002,WASHTK CONN 3HOLE 1/4T KIT,Each,Equipment,MISCELLANEOUS SPARE PARTS,1
92170125,PERSTLC TBG 1/8CC KIT,Each,Equipment,#N/A,1
92232538,SMTPWRFL/ULT SQ CVRSN KIT,Each,Equipment,CHEMICAL DISPENSING MISCELLANEOUS EQUIP,1
96031075,HDL/STOP DR ET1,Each,Equipment,DISHMACHINE MISCELLANEOUS SPARE PARTS,1
92593110,AEROLITE REPL PUMP COVER,Each,Equipment,LAUNDRY PARTS,1
85016327,PERSTLC TBG 3CC ASSY,Each,Equipment,TUBING,1
92002082,BRKT WL CONT CNDR MLD,Each,Equipment,MISCELLANEOUS SPARE PARTS,1
96522150,GUTTER PAWL BAR EC WLDMT,Each,Equipment,MISCELLANEOUS SPARE PARTS,1
85625143,UN 1FNPT SCHED80 PVC,Each,Equipment,#N/A,1
53002995,BACKBONE TUBING ASSY,Each,Equipment,#N/A,1
53002009,MCFEZ 22MLTIQTSNTZR INSTL KIT,Each,Equipment,OASIS INSTALL KITS,1
93202359,VLV FLSH 3/8IN MNPT MDLR6,Each,Equipment,MISCELLANEOUS SPARE PARTS,1
92642013,STP TST PAA 50/VIAL,Each,Equipment,TEST KIT,1
87301132,CLP HOSE 5/16X7/8 SST 25PK,Each,Equipment,HOSE CLAMP,1
92631127,TUBE NUT & SLV 3/8 IN 10PK,Each,Equipment,TUBING,1
85300500,STRN LINE 3/4 FNPT,Each,Equipment,DISHMACHINE MISCELLANEOUS SPARE PARTS,1
96582895,RLY CONT 120V,Each,Equipment,DISHMACHINE MISCELLANEOUS SPARE PARTS,1
83020461,SW RKR DPST 10A 3POSN MOM,Each,Equipment,SWITCHES,1
84804723,SEAL PMP 2PC ES2000/ES4000,Each,Equipment,O-RING,1
53001858,S-24 WSH/TK CONN STD,Each,Equipment,MISCELLANEOUS SPARE PARTS,1
96542019,ROD CURT 3/8IDX24L M/D DFM7,Each,Equipment,CURTAINS-ACCESSORIES,1
83112706,SKT RLY 3 POLE,Each,Equipment,#N/A,1
96581202,NPL PMP INL WLDMT JACKSON,Each,Equipment,MISCELLANEOUS SPARE PARTS,1
92913635,RKH SSCW-1 OPEN HIWL YEL,Each,Equipment,FULL SIZE OPEN RACK,1
96039870,FTG PUSHLOCK 1/2 FEM BRS,Each,Equipment,DISHMACHINE MISCELLANEOUS SPARE PARTS,1
50000515,BLK MAG 1X1/2X1/2 NEODYMIUM,Each,Equipment,#N/A,1
83053082,SW LIQ LVL FLT SPST 240V,Each,Equipment,#N/A,1
53000182,KYSTN ECOAIR DISP BLK 4PK,Each,Equipment,AIR FRESHENER DISPENSER,1
93202285,GA PRESS MDLR6 1160 PSI,Each,Equipment,GAUGES,1
53003986,FPRO RAPID MSDC INSTL KIT,Each,Equipment,OASIS INSTALL KITS,1
96520002,APEX HT RNS ARM NUT ASSY,Each,Equipment,MISCELLANEOUS SPARE PARTS,1
83900026,FU HLDR SNGL 1/4X1-1/4 IDEC,Each,Equipment,#N/A,1
50001009,TAPE ADH 8W SPL ROLL 12PK,Each,Equipment,MISCELLANEOUS TOOLS AND SUPPLIES,1
96023692,ADJUSTABLE FOOT ES4400,Each,Equipment,DISHMACHINE MISCELLANEOUS SPARE PARTS,1
85613008,CONN 5/8TX3/4MNPT BRS,Each,Equipment,#N/A,1
85247006,VLV CHK 1/4 BARB EPDM,Each,Equipment,#N/A,1
92291921,OASIS SANITATION STA RK PKD,Each,Equipment,OASIS ACCESSORY,1
92151230,OAS 100 INSTL KIT,Each,Equipment,OASIS INSTALL KITS,1
92913634,RKH SSCW-1 OPEN HIWL BRN,Each,Equipment,SILVERWARE WASHERS,1
96039888,HOSE 1/2X22-1/2 RBR,Each,Equipment,HOSE,1
85633008,ELB 90 3/4SHRKBT,Each,Equipment,ELBOW FITTING,1
96021084,CSTG PAWL BAR ES44,Each,Equipment,DISHMACHINE MISCELLANEOUS SPARE PARTS,1
92370014,GDN SPY ELB ASSY,Each,Equipment,MISCELLANEOUS SPARE PARTS,1
10060711,R0004 .75 OZ PH INDICATOR,Each,Equipment,MISCELLANEOUS SPARE PARTS,1
96529029,BRKT LIM SW MACH,Each,Equipment,#N/A,1
92170034,TBG FLX .438X.156 EPDM PKD,Each,Equipment,#N/A,1
96542270,SPR DR M/D U/C M4,Each,Equipment,DISHMACHINE MISCELLANEOUS SPARE PARTS,1
96542626,PERSTLC PMP RTR ASSY M/D,Each,Equipment,DISHMACHINE MISCELLANEOUS SPARE PARTS,1
53002010,MCFEZ SCRB P&P INSTL KIT,Each,Equipment,OASIS INSTALL KITS,1
92152471,LO FLW FLEX GAP PP W/6'' TBG,Each,Equipment,#N/A,1
93020002,TBG FLX .250X25FT PE BLK,Each,Equipment,TUBING,1
83109199,CABLE TIE 15'' 100PK,Each,Equipment,MISCELLANEOUS SPARE PARTS,1
92042051,COIL 24VDC SLND VLV BLK,Each,Equipment,SOLENOID-COIL,1
96584024,SW ON/OFF 240V ES18 JCKSN,Each,Equipment,#N/A,1
50000857,PRB TEMP NTC 10K 6L CA,Each,Equipment,MISCELLANEOUS SPARE PARTS,1
83105008,TERM STRIP 6PT SGL ROW,Each,Equipment,DISHMACHINE MISCELLANEOUS SPARE PARTS,1
85613027,CPLG RDCG 3/4SHRKBTX1/2SHRKBT,Each,Equipment,#N/A,1
85017001,TBG FLX .520X.250X11 EPDM,Each,Equipment,#N/A,1
10042375,.1N HYDROCHLORIC ACID,Each,Equipment,MISCELLANEOUS SPARE PARTS,1
83311753,ELB 90DEG CND 1/2 MET LIQT,Each,Equipment,#N/A,1
96583018,HOSE REINF 2X1.5X8.25 TYGON,Each,Equipment,HOSE,1
85534006,ELB 3/8P-FX1/8MNPT BRNP,Each,Equipment,#N/A,1
92153964,HI FLW AIR GAP WHT PP,Each,Equipment,MISCELLANEOUS SPARE PARTS,1
92021210,QC91 HD ACID BTH LBL KIT,Each,Equipment,HOUSEKEEPING-SPRAY BOTTLE LABELS,1
50000448,THRMS 10K SMT .22IDX1.2LX.47W SST,Each,Equipment,MISCELLANEOUS SPARE PARTS,1
96037924,PERSTLC PMP RLR ASSY RED,Each,Equipment,DISHMACHINE MISCELLANEOUS SPARE PARTS,1
92002390,INSR TUBE 3/8 SST 10PK,Each,Equipment,#N/A,1
93020001,TBG FLX .250X25FT PE RED,Each,Equipment,TUBING,1
92151249,NEUT DISINF CLNR LBL KIT,Each,Equipment,HOUSEKEEPING-SPRAY BOTTLE LABELS,1
92042050,COIL 24V SLND VLV,Each,Equipment,SOLENOID-COIL,1
85282020,FLT VLV ROD 3 SS 1/4-20,Each,Equipment,MISCELLANEOUS SPARE PARTS,1
85643004,TEE 1/2TX1/2CPX1/4CP BRS,Each,Equipment,#N/A,1
87022000,PADLOCK 1.125 STL,Each,Equipment,MISCELLANEOUS SPARE PARTS,1
96522151,SPCR DOG PAWL BAR EC MACH,Each,Equipment,MISCELLANEOUS SPARE PARTS,1
93202283,CONN FLSH VLV 3/4 MDLR6,Each,Equipment,CONNECTORS,1
85643005,TEE 1/2TX1/2CPX3/8CP BRS,Each,Equipment,#N/A,1
85015163,TBG FLX 1.25X.125X5FT PVC,Each,Equipment,#N/A,1
50001228,SEAL ORING 2.225IDX0.21 SILCNE,Each,Equipment,MISCELLANEOUS SPARE PARTS,1
50002343,VAC BRKR 1/2 SVCEAID AVB RPR KIT,Each,Equipment,#N/A,1
50002344,VAC BRKR 3/4 SVCEAID AVB RPR KIT,Each,Equipment,#N/A,1
92644541,NMPLT CLEAN&SMOOTH,Each,Equipment,MISCELLANEOUS SPARE PARTS,1
83910000,FU TD 1/4X1-1/4 .25A 250V,Each,Equipment,#N/A,1
92913633,RKH SSCW-1 OPEN HIWL BGE,Each,Equipment,FULL SIZE OPEN RACK,1
92150001,OAS 115XP INSTL KIT,Each,Equipment,OASIS INSTALL KITS,1
50000830,BRG FLG 12MMX14MMX7MM PLSTC,Each,Equipment,MISCELLANEOUS SPARE PARTS,1
53003664,QC40 DAILY DISINF CLNR LBL KIT,Each,Equipment,OASIS PRO LABEL KIT,1
85613007,CONN 1/4SHRKBTX1/4SHRKBT,Each,Equipment,#N/A,1
85613011,CONN 3/4SHRKBTX3/4MNPT,Each,Equipment,CONNECTORS,1
83903019,BTRY 1.5V LR6 SZ-AA ALK 8PK,Each,Equipment,#N/A,1
92002137,CLNCLC CONN 4MM AFLAS ASSY,Each,Equipment,MISCELLANEOUS SPARE PARTS,1
92151274,KYSTN NEUT FLR CLNR LBL KIT,Each,Equipment,FLOOR CARE-SPRAY BOTTLE LABELS,1
92232540,NMPLT SMTPWR/ULT MNL PENT,Each,Equipment,MISCELLANEOUS SPARE PARTS,1
92232463,NMPLT SMTPWR/ULT MNL DTRG,Each,Equipment,MISCELLANEOUS SPARE PARTS,1
96020268,TBG FLX1.876X.188X21POLYBRD,Each,Equipment,#N/A,1
85643070,TEE UN 3/8T BRS SA,Each,Equipment,#N/A,1
92151343,OAS PRO NEUT BTHRM LBL KIT,Each,Equipment,OASIS PRO LABEL KIT,1
92151278,KYSTN MQ SNTZR LBL KIT CAN,Each,Equipment,KITCHEN HYGIENE-SPRAY BOTTLE LABELS,1
92020031,COMPAC PICKUP PROBE ASSY,Each,Equipment,MISCELLANEOUS SPARE PARTS,1
90061670,VISUAL COMPLIANCE SYSTEM 6 QT BUCKET,Each,Equipment,PAIL - BUCKET,1
85613010,CONN 1/2SHRKBTX1/2FNPT,Each,Equipment,CONNECTORS,1
85613009,CONN 1/2SHRKBTX1/2MNPT,Each,Equipment,CONNECTORS,1
89009070,THERM TUBE 0-220DEG,Each,Equipment,#N/A,1
85244473,VLV CHK 1/4FNPTX1/4MNPT PVC,Each,Equipment,#N/A,1
92153420,LBL ID LGE OP BIOENZ ELMNTR,Each,Equipment,MISCELLANEOUS SPARE PARTS,1
92682636,MASK CPR ECL 1/BX,Each,Equipment,FIRST AID SUPPLIES FSS,1
92151432,OP NO/LW MAINTC LBL KIT,Each,Equipment,INSTALL KITS,1
83020404,SW RKR SPST 15A 125V,Each,Equipment,#N/A,1
85633015,ELB 3/4FHTX3/8T CPRSN BRS,Each,Equipment,MISCELLANEOUS SPARE PARTS,1
83311852,ELB 45DEG CND 1/2 LIQT,Each,Equipment,#N/A,1
96542423,TUBE DIP PRODUCT M/D DF,Each,Equipment,TUBING,1
85783016,HOSE BARB 1/2HSX3/4MNPT BRS,Each,Equipment,HOSE,1
83055525,SW MICRO SPDT 15A 115V,Each,Equipment,SWITCHES,1
96584990,TMR MICRO SW,Each,Equipment,DISHMACHINE MISCELLANEOUS SPARE PARTS,1
96040506,SHAFT COLLAR CNVR ES4400 EC,Each,Equipment,DISHMACHINE MISCELLANEOUS SPARE PARTS,1
87490000,BLT EYE 1/4-20X5 LG 304SS,Each,Equipment,DISHMACHINE MISCELLANEOUS SPARE PARTS,1
96021134,TERMINAL BOARD CNVR,Each,Equipment,DISHMACHINE MISCELLANEOUS SPARE PARTS,1
50001223,HOSE BARB 90 1/8HSX1/8MNPT KYN,Each,Equipment,MISCELLANEOUS TOOLS AND SUPPLIES,1
92021217,QC A-456II DISINF LBL KIT,Each,Equipment,HOUSEKEEPING-SPRAY BOTTLE LABELS,1
86020014,CAP ADPTR 1/4 KL1 VTN 90 VIO,Each,Equipment,#N/A,1
92652153,LBL DISHMACH SNTZ HI TEMP,Each,Equipment,MISCELLANEOUS SPARE PARTS,1
96030762,VLV COCK 1/4,Each,Equipment,VALVE-MECHANICAL,1
92021213,QC54 PEROX GLS GPC LBL KIT,Each,Equipment,HOUSEKEEPING-LABEL KITS,1
92979301,ROD CURT 24-1/2 SST,Each,Equipment,CURTAINS-ACCESSORIES,1
92151407,ZEPHAIR CITRUS LBL KIT,Each,Equipment,MISCELLANEOUS SPARE PARTS,1
86020010,CAP ADPTR 1/4 KL3 EPDM PNK,Each,Equipment,MISCELLANEOUS SPARE PARTS,1
86020004,CAP ADPTR 1/4 KL5 EPDM LT GRN,Each,Equipment,MISCELLANEOUS SPARE PARTS,1
86020007,CAP ADPTR 1/4 KL3 EPDM LT BLU,Each,Equipment,CAP,1
10060656,ACID 2 TITR 1-002 (1 OZ.),Each,Equipment,MISCELLANEOUS SPARE PARTS,1
86020011,CAP ADPTR 1/4 KL5 VTN 90 DK GRN,Each,Equipment,#N/A,1
86149606,BSHG 3/4X1/2 SCHED80 CPVC,Each,Equipment,MISCELLANEOUS SPARE PARTS,1
96038617,GSKT DRN SEAT ES2000HT,Each,Equipment,GASKET,1
85613115,CONN 3/8TX1/2MNPT BRS SA,Each,Equipment,CONNECTORS,1
85390079,GA PRESS 2DIA 30LB CB 1/4,Each,Equipment,GAUGES,1
92172857,PERFORMAX STACKING PMP KIT,Each,Equipment,#N/A,1
92152261,TRAY DRIP SELECT 4,Each,Equipment,CHEMICAL DISPENSING MISCELLANEOUS EQUIP,1
92153203,LBL BTL FPRO35 ALK FLR,Each,Equipment,MISCELLANEOUS SPARE PARTS,1
92151023,OAS PRO PEROX MSCD LBL KIT,Each,Equipment,OASIS PRO LABEL KIT,1
53003663,OP DAILY DISINF CLNR LBL KIT,Each,Equipment,OASIS PRO LABEL KIT,1
92021164,QC NEUT DISINF LBL KIT,Each,Equipment,HOUSEKEEPING-SPRAY BOTTLE LABELS,1
90011051,EZ SYS DRYWALL INSTL KIT,Each,Equipment,MISCELLANEOUS SPARE PARTS,1
92153198,LBL BTL FPRO34 NEUT FLR,Each,Equipment,MISCELLANEOUS SPARE PARTS,1
92023221,LBL BTL QC93 UC ACID BTH,Each,Equipment,HOUSEKEEPING-SPRAY BOTTLE LABELS,1
92153187,LBL BTL FPRO53 QC MSC DGRSR,Each,Equipment,HOUSEKEEPING-SPRAY BOTTLE LABELS,1
92151388,OAS PRO NRFCCS LBL KIT,Each,Equipment,MISCELLANEOUS SPARE PARTS,1
92972306,ROD CURT 24 SST,Each,Equipment,CURTAINS-ACCESSORIES,1
92023395,LBL DISP FPRO66QC ALK BTHRM,Each,Equipment,MISCELLANEOUS SPARE PARTS,1
87020822,LOCK CAM ENCL 176 KEY 13/16,Each,Equipment,MISCELLANEOUS SPARE PARTS,1
96542810,TUBE PMP RNS AID .125X9,Each,Equipment,TUBING,1
85016010,TBG FLX .75X.094X6FT CLRPVC,Each,Equipment,TUBING,1
92632306,HAND PUMP 1 GAL WITH SPRING,Each,Equipment,#N/A,1
92592646,LBL GDE WSHR PROPER LDG,Each,Equipment,MISCELLANEOUS SPARE PARTS,1
92021208,QC35 MAXX DLACTN LBL KIT,Each,Equipment,HOUSEKEEPING-LABEL KITS,1
96661228,FIR WASHPMP OMEGA CVRSN KIT,Each,Equipment,#N/A,1
86145646,BSHG 3/4X1/2 BRS,Each,Equipment,MISCELLANEOUS SPARE PARTS,1
92152932,LBL BTL KYSTN OVEN CLNR,Each,Equipment,HOUSEKEEPING-SPRAY BOTTLE LABELS,1
90012408,LBL BTL PF CLNR OVN GRL FRY,Each,Equipment,MISCELLANEOUS SPARE PARTS,1
92153228,LBL BTL FPRO MLTIPRP DGRSR,Each,Equipment,HOUSEKEEPING-SPRAY BOTTLE LABELS,1
92152935,LBL BTL KYSTN HD DGRSR,Each,Equipment,HOUSEKEEPING-SPRAY BOTTLE LABELS,1
90012731,LBL BTL CFEZ MLTIPRP DGRSR,Each,Equipment,MISCELLANEOUS SPARE PARTS,1
92021311,LBL BTL TILE CLNR PINNACLE,Each,Equipment,FLOOR CARE-SPRAY BOTTLE LABELS,1
92152961,LBL BTL RLNC GLS CLNR,Each,Equipment,MISCELLANEOUS SPARE PARTS,1
92632049,LBL BTL PAN DANDY,Each,Equipment,MANUAL WAREWASHING-SPRAY BOTTLE LABELS,1
53005009,LBL BTL RAPID MSDC QC CAN,Each,Equipment,#N/A,1
92154051,LBL BTL FPRO 66 ALK BTHRM,Each,Equipment,HOUSEKEEPING-SPRAY BOTTLE LABELS,1
83109181,CA TIE 4 NAT NYL 100PK,Each,Equipment,MISCELLANEOUS SPARE PARTS,1
92642529,QUAT TEST PAPERS QT-10,Each,Equipment,MISCELLANEOUS SPARE PARTS,1
83903120,BTRY 9V ALK,Each,Equipment,#N/A,1
53003146,TIP MTR .012 PP LTBLU 25PK V2,Each,Equipment,MISCELLANEOUS SPARE PARTS,1
53003143,TIP MTR .020 PP YEL 25PK V2,Each,Equipment,MISCELLANEOUS SPARE PARTS,1
85635795,ELB SWVL 3/8TX1/4MNPT PUSH,Each,Equipment,ELBOW FITTING,1
92151369,FPRO77 QC BIOENZ LBL KIT,Each,Equipment,HOUSEKEEPING-LABEL KITS,1
92631308,WALL ANCR 1/4 W/SST SCR 10PK,Each,Equipment,MISCELLANEOUS SPARE PARTS,1
92152934,LBL BTL KYSTN FRYER & GRILL,Each,Equipment,HOUSEKEEPING-SPRAY BOTTLE LABELS,1
53002864,LOCK W/19 DEG BEND CAM ASSY,Each,Equipment,MISCELLANEOUS SPARE PARTS,1
92151437,OP MRNG BREZ RM LBL KIT,Each,Equipment,INSTALL KITS,1
53002766,LBL BTL MCF EZ SS SNTZR,Each,Equipment,MANUAL WAREWASHING-SPRAY BOTTLE LABELS,1
92153191,LBL BTL FPRO92 NEUT BTH GS,Each,Equipment,HOUSEKEEPING-SPRAY BOTTLE LABELS,1
92153184,LBL BTL FPRO72 LNDRY FRSHQC,Each,Equipment,HOUSEKEEPING-SPRAY BOTTLE LABELS,1
85635233,ELB SWVL 1/4TX1/4MNPT PUSH,Each,Equipment,ELBOW FITTING,1
53001302,RTNR SUMP MANF NANO MLD,Each,Equipment,MISCELLANEOUS SPARE PARTS,1
92633999,PMP HAND 1OZ 5GL W/70MM,Each,Equipment,HAND PUMP,1
96540315,WSHR PMP HSG ET44 STERO,Each,Equipment,MISCELLANEOUS SPARE PARTS,1
92232158,LBL PROD ID WRWSH DTRG,Each,Equipment,KITCHEN HYGIENE-DISPENSER LABELS,1
92232161,LBL PROD ID WRWSH SNTZR,Each,Equipment,KITCHEN HYGIENE-DISPENSER LABELS,1
92232159,LBL PROD ID POT&PAN DTRG,Each,Equipment,MANUAL WAREWASHING-DISPENSER LABELS,1
92022681,LBL BTL REVITALIZE PRESPRY,Each,Equipment,FLOOR CARE-SPRAY BOTTLE LABELS,1
85312387,NZL CAP&VANE 8W GFPP 120DEG,Each,Equipment,WASH NOZZLE,1
92012030,LBL BTL QF89 INDL DGRSR,Each,Equipment,HOUSEKEEPING-SPRAY BOTTLE LABELS,1
92153167,LBL BTL FRPO35 QC ALK FLR,Each,Equipment,HOUSEKEEPING-SPRAY BOTTLE LABELS,1
92023212,LBL BTL QC89 IND DGRSR,Each,Equipment,HOUSEKEEPING-SPRAY BOTTLE LABELS,1
92153180,LBL BTL FPRO PEROX MSCD QC,Each,Equipment,HOUSEKEEPING-SPRAY BOTTLE LABELS,1
92153361,LBL BTL FPRO 77QC BIOENZ,Each,Equipment,KITCHEN HYGIENE-DISPENSER LABELS,1
92153349,LBL BTL ZEPHAIR MTN MIST,Each,Equipment,HOUSEKEEPING-SPRAY BOTTLE LABELS,1
85312684,NZL CAP&VANE 3.9 GFPP 84DEG,Each,Equipment,#N/A,1
92153531,LBL BTL OAS36 NO/LW MAINTC,Each,Equipment,MISCELLANEOUS SPARE PARTS,1
85312395,NZL CAP&VANE 5.6 GFPP 90DEG,Each,Equipment,#N/A,1
92153528,LBL BTL OP NO/LW MAINTC,Each,Equipment,MISCELLANEOUS SPARE PARTS,1
92153321,LBL BTL OAS/OP PEROXMSDCCAN,Each,Equipment,MISCELLANEOUS SPARE PARTS,1
92294248,LBL BTL OAS 115XP,Each,Equipment,FLOOR CARE-SPRAY BOTTLE LABELS,1
92652376,LBL PROD ID OASIS 146,Each,Equipment,KITCHEN HYGIENE-DISPENSER LABELS,1
92152442,LBL BTL OAS PRO 70,Each,Equipment,HOUSEKEEPING-SPRAY BOTTLE LABELS,1
85141208,NPL CLOSE 1/2 BRS,Each,Equipment,MISCELLANEOUS SPARE PARTS,1
92153002,LBL BTL OAS FULL COURT,Each,Equipment,FLOOR CARE-SPRAY BOTTLE LABELS,1
86039062,CPLG 1/2THD SCHED80 PVC,Each,Equipment,#N/A,1
10042491,10/20/25 ML PLASTIC VIAL,Each,Equipment,MISCELLANEOUS SPARE PARTS,1
92643106,LBL BTL LIME-A-WAY SELECT,Each,Equipment,MISCELLANEOUS SPARE PARTS,1
92682658,COT FNR BLU NTRL ECL 50/BAG,Each,Equipment,FIRST AID SUPPLIES FSS,1
53002888,RTNR DR HNG NANO,Each,Equipment,MISCELLANEOUS SPARE PARTS,1
53006086,LBL RK WIRE TRUPOWER ENZY MNL DTRG&SOAK,Each,Equipment,MANUAL WAREWASHING-SINK LABELS,1
96633159,END CAP WASH ARM OMEGA5E,Each,Equipment,ENDCAP,1
92153207,LBL BTL FPRO89 CONC DGRSR,Each,Equipment,HOUSEKEEPING-SPRAY BOTTLE LABELS,1
53000249,LBL BTL FPRO72 LNDRY FRSH,Each,Equipment,HOUSEKEEPING-SPRAY BOTTLE LABELS,1
92153333,LBL BTL OAS PRO 14 PLUS,Each,Equipment,MISCELLANEOUS SPARE PARTS,1
92292762,TBG FLX .750X.125X5FT PVC,Each,Equipment,TUBING,1
92682665,SCISSORS/FORCEPS ECL KIT,Each,Equipment,FIRST AID SUPPLIES FSS,1
92153330,LBL BTL FLOOR CLNR KEYSTN,Each,Equipment,MISCELLANEOUS SPARE PARTS,1
96022579,PLUG RNS DRN COV,Each,Equipment,PENDING,1
92682662,GLOVE MED EXAM ECL 2PAIR/BX,Each,Equipment,FIRST AID SUPPLIES FSS,1
50000468,SPR CPRSN .27IDX.36ODX1.5L,Each,Equipment,MISCELLANEOUS SPARE PARTS,1
92152457,TUBE PU 78 OAS PRO PVC,Each,Equipment,TUBING,1
92023204,LBL DISP QC50 UC GLS,Each,Equipment,HOUSEKEEPING-DISPENSER LABELS,1
92153202,LBL DISP FPRO34 QC NEUT FLR,Each,Equipment,MISCELLANEOUS SPARE PARTS,1
92153195,LBL DISP FPRO QC NEUT DISIN,Each,Equipment,MISCELLANEOUS SPARE PARTS,1
96021456,GLD DR 27.125 UHMWPE,Each,Equipment,DISHMACHINE DOOR PARTS,1
92682657,BNDG TRNGL 40X40X56ECL 1/BX,Each,Equipment,FIRST AID SUPPLIES FSS,1
92153239,NMPLT ASSURE LIQ PRESK,Each,Equipment,MISCELLANEOUS SPARE PARTS,1
92682661,GD FIRST AID REORDER ECL,Each,Equipment,FIRST AID SUPPLIES FSS,1
83900126,FU SLOBLO 1/4X1-1/4 1A 250V,Each,Equipment,MISCELLANEOUS SPARE PARTS,1
92153354,LBL DISP OAS BIOENZ ELMNTR,Each,Equipment,MISCELLANEOUS SPARE PARTS,1
85745156,TEE UN 1/2X1/2X3/8 PE BARB,Each,Equipment,CHEMICAL DISPENSING EQUIPMENT,1
96552864,GSKT MANF WASH SILCNE,Each,Equipment,DISHMACHINE MISCELLANEOUS SPARE PARTS,1
50002275,RNG RTNG 12MMOD 1.4122SST,Each,Equipment,DISHMACHINE MISCELLANEOUS SPARE PARTS,1
92022683,LBL BTL REVITALIZE CRPTCLNR,Each,Equipment,FLOOR CARE-SPRAY BOTTLE LABELS,1
53006177,LBL BTL KYSTN ENZY P&P DTRG,Each,Equipment,#N/A,1
96628469,RSTRTR WSH PMP OMEGA5,Each,Equipment,#N/A,1
89992465,HOOK VELCRO 1 ADH,Each,Equipment,#N/A,1
85635000,ELB UN 90DEG 1/4T PP PUSH,Each,Equipment,ELBOW FITTING,1
92652152,LBL DISHMACH SNTZ CHEM,Each,Equipment,DISHMACHINE-LABELS,1
85615730,CONN 1/4TX3/8MNPT PUSH,Each,Equipment,CONNECTORS,1
96025093,GSKT HTR SNTPRN,Each,Equipment,GASKET,1
85140424,NPL 1/4X2 BRS,Each,Equipment,MISCELLANEOUS SPARE PARTS,1
92572034,LBL SLTRN1000 SIL PWR,Each,Equipment,MANUAL WAREWASHING-DISPENSER LABELS,1
89992194,BTL 32OZ NAT,Each,Equipment,BOTTLE,1
92682660,GD FIRST AID ECL,Each,Equipment,FIRST AID SUPPLIES FSS,1
96584073,GSKT HTR WASH SNTPRN,Each,Equipment,GASKET,1
92682642,BNDG FAB PTCH 2X3 ECL 25/BX,Each,Equipment,FIRST AID SUPPLIES FSS,1
90012637,LBL PF SINK WASH FILL LINE,Each,Equipment,MANUAL WAREWASHING-SINK LABELS,1
90012635,LBL PF SINK RNS FILL LINE,Each,Equipment,MANUAL WAREWASHING-SINK LABELS,1
90012636,LBL PF SINK SNTZR FILL LINE,Each,Equipment,MANUAL WAREWASHING-SINK LABELS,1
92682646,BNDG KNCKL FABBLU ECL 40/BX,Each,Equipment,FIRST AID SUPPLIES FSS,1
92682640,BNDG FAB 1X3 BLU ECL 50/BX,Each,Equipment,FIRST AID SUPPLIES FSS,1
96583695,FT ADJ 3/8-16X1 1/4 STEMJCKSN,Each,Equipment,#N/A,1
92023205,LBL BTL QC54 PEROX GLS GPC,Each,Equipment,HOUSEKEEPING-SPRAY BOTTLE LABELS,1
83903189,BTRY 1.5V LR20 SZ-D ALK,Each,Equipment,OTHER NON-MATERIAL SERVICE,1
92152880,LBL BTL OAS PRO MRNG BREEZE,Each,Equipment,HOUSEKEEPING-SPRAY BOTTLE LABELS,1
96550439,HOSE REINF 3/8IDX9LG BRD,Each,Equipment,HOSE,1
83900241,FU 1/4X1-1/4 1.5A 250V,Each,Equipment,#N/A,1
92292408,LBL BTL OAS 299,Each,Equipment,HOUSEKEEPING-SPRAY BOTTLE LABELS,1
53004001,LBL DISP FPRO RAPID MSDC,Each,Equipment,HOUSEKEEPING-DISPENSER LABELS,1
92332040,NMPLT SCOUT P&P DTRG,Each,Equipment,KITCHEN HYGIENE-DISPENSER LABELS,1
92292366,LBL BTL OAS 255SF,Each,Equipment,HOUSEKEEPING-SPRAY BOTTLE LABELS,1
86189098,ADPTR 3/8TX3/8STEM PUSHIN,Each,Equipment,#N/A,1
92023207,LBL DISP QC54 PEROX GLS GPC,Each,Equipment,HOUSEKEEPING-DISPENSER LABELS,1
92023220,LBL DISP QC92 UC NEUT BTH,Each,Equipment,HOUSEKEEPING-DISPENSER LABELS,1
87301032,CLP HOSE 1/2TO1-1/4 SST,Each,Equipment,HOSE CLAMP,1
85615821,CONN 1/2TX1/4MNPT PP W/PG,Each,Equipment,#N/A,1
92682641,BNDG FAB FGRTIP ECL 25/BX,Each,Equipment,FIRST AID SUPPLIES FSS,1
83900340,FUSE 1/4X1-1/4 2A 250V,Each,Equipment,MISCELLANEOUS SPARE PARTS,1
50000626,SCR THMS+ 1/4-20X1 18-8SST,Each,Equipment,#N/A,1
96592611,CLP TBG CHEM ADSAF3DS,Each,Equipment,MISCELLANEOUS SPARE PARTS,1
92682647,BNDG RIPFLEX 2X5YD ECL 1RL,Each,Equipment,FIRST AID SUPPLIES FSS,1
92682667,TAPE AHD 1STAID 1X2.5YD ECL,Each,Equipment,FIRST AID SUPPLIES FSS,1
50002276,WSHR FLAT 0.5IDX0.688OD PTFE PLSTC WHT,Each,Equipment,DISHMACHINE MISCELLANEOUS SPARE PARTS,1
53003653,LBL DISP QC40 DAILY DISINF CLNR,Each,Equipment,HOUSEKEEPING-DISPENSER LABELS,1
50000465,CLP SNAP GRIP HOSE 7/32TO1/4 NYL,Each,Equipment,MISCELLANEOUS SPARE PARTS,1
92652414,LBL ID SM MDS 35 ALK FLR,Each,Equipment,FLOOR CARE-DISPENSER LABELS,1
92682659,DRSNG EYE W/TAPE ECL 2/BX,Each,Equipment,FIRST AID SUPPLIES FSS,1
53004910,BLNKT FOIL 1STAID ECL,Each,Equipment,FIRST AID SUPPLIES FSS,1
92682663,PAD GAUZE 3X3 ECL 10/BX,Each,Equipment,FIRST AID SUPPLIES FSS,1
88122205,SCR FHMS 1/4-20X1-1/2 SST,Each,Equipment,MISCELLANEOUS SPARE PARTS,1
50000543,SEAL ORNG .549X.103 SILCNE,Each,Equipment,MISCELLANEOUS SPARE PARTS,1
92682669,WRAP 1STAID 2X5YD ECL 1RL,Each,Equipment,FIRST AID SUPPLIES FSS,1
92154119,LBL ID LGE GL CLNR,Each,Equipment,HOUSEKEEPING-DISPENSER LABELS,1
92154106,LBL ID LGE NEUT BTHRM,Each,Equipment,HOUSEKEEPING-DISPENSER LABELS,1
96581434,CLIP RTNG 3/4IN SFT 15-7SST,Each,Equipment,DISHMACHINE MISCELLANEOUS SPARE PARTS,1
53002280,LBL ID LGE SMTPWR SS SNTZR,Each,Equipment,MANUAL WAREWASHING-DISPENSER LABELS,1
88021076,SCR HHCS 3/8-16X1-3/4 SST,Each,Equipment,DISHMACHINE MISCELLANEOUS SPARE PARTS,1
92152836,LBL ID LGE KYSTN P&P DETR,Each,Equipment,KITCHEN HYGIENE-DISPENSER LABELS,1
92152838,LBL ID LGE KYSTN SANITIZER,Each,Equipment,KITCHEN HYGIENE-DISPENSER LABELS,1
89990592,GRS SILCNE 1/4OZ PKT,Each,Equipment,#N/A,1
92213133,LBL BTL ZEPHAIR MIST OC 55,Each,Equipment,HOUSEKEEPING-SPRAY BOTTLE LABELS,1
85603330,SLV TUBE 3/8 BRS SA,Each,Equipment,MISCELLANEOUS SPARE PARTS,1
50000616,WSHR FLAT .188X.50X.045 NYL,Each,Equipment,#N/A,1
85725109,UN BARB 3/8X3/8 HDPE,Each,Equipment,MISCELLANEOUS SPARE PARTS,1
92682649,BNDG RLR 2X4YD ECL 1RL,Each,Equipment,FIRST AID SUPPLIES FSS,1
92682664,PAD TRAUMA 5X9 ECL 2/BX,Each,Equipment,FIRST AID SUPPLIES FSS,1
92152725,LBL PROD ID SM OAS PRO 66,Each,Equipment,HOUSEKEEPING-DISPENSER LABELS,1
83900002,FU 5MM X 20MM 1A 250V,Each,Equipment,MISCELLANEOUS SPARE PARTS,1
92152197,LBL DISP OAS 115XP,Each,Equipment,FLOOR CARE-DISPENSER LABELS,1
85505659,INSR TUBE 3/8 PP MLD,Each,Equipment,MISCELLANEOUS SPARE PARTS,1
92152508,LBL DISP ORANGE DGRSE SEL4,Each,Equipment,MISCELLANEOUS SPARE PARTS,1
53000274,LBL IDSM 3IN1 CARP SPOTRMVR,Each,Equipment,FLOOR CARE-DISPENSER LABELS,1
87300521,CLP HOSE 7/16 SNAP TYPE,Each,Equipment,#N/A,1
92152879,LBL ID SM LNDRY FRSH,Each,Equipment,HOUSEKEEPING-DISPENSER LABELS,1
92152852,LBL ID SM KYSTN GL CLNR,Each,Equipment,HOUSEKEEPING-DISPENSER LABELS,1
92152843,LBL ID SM KYSTN NEUT FLR,Each,Equipment,FLOOR CARE-DISPENSER LABELS,1
92154104,LBL ID SM NEUT BTHRM,Each,Equipment,HOUSEKEEPING-DISPENSER LABELS,1
92154117,LBL ID SM GL CLNR,Each,Equipment,HOUSEKEEPING-DISPENSER LABELS,1
90012745,LBL DISP CFEZ SNTZG FLRCLNR,Each,Equipment,MISCELLANEOUS SPARE PARTS,1
92153087,LBL ID SM AFVT,Each,Equipment,MISCELLANEOUS SPARE PARTS,1
83102244,DISCONN FEM 1/4 22-18RED,Each,Equipment,#N/A,1
87204509,SEAL ORNG .489X.070 VTN,Each,Equipment,O-RING,1
88429006,NUT LOCK 5/16-18 W/NYL INSR 304SST,Each,Equipment,#N/A,1
88000013,SCR HHCS 1/4-20X5/8 304SST,Each,Equipment,DISHMACHINE MISCELLANEOUS SPARE PARTS,1
88120746,SCR RHMS 10-24X1/2 304SST,Each,Equipment,DISHMACHINE MISCELLANEOUS SPARE PARTS,1
88554126,WSHR 14 BRNP SM,Each,Equipment,MISCELLANEOUS SPARE PARTS,1
96033063,BUSHING SNAP 3/4PLASTIC,Each,Equipment,#N/A,1
96581376,WSHR FLAT 1X.40X.09 SST,Each,Equipment,MISCELLANEOUS SPARE PARTS,1
83100016,CONN SDRLSS 6 SPADE INSL,Each,Equipment,#N/A,1
88460050,NUT LOCK 6-32 W/NYL INSR 18-8SST,Each,Equipment,LOCK WASHER,1
92151004,OAS OUT-BACK WL MT PKD,Each,Equipment,OASIS OUTBACK DISPENSER,2
92591025,XPERT LNDRY DISP PKD,Each,Equipment,XPERT LAUNDRY DISPENSER,2
96582025,PMP&MOT ASSY W/ MTG BRKT,Each,Equipment,DISHMACHINE MISCELLANEOUS SPARE PARTS,2
92021202,HDCARE CONC BTL LW DISP PKD,Each,Equipment,CHEMICAL DISPENSING MISCELLANEOUS EQUIP,2
92021201,HDCARE CONC BAG HI DISP PKD,Each,Equipment,CHEMICAL DISPENSING MISCELLANEOUS EQUIP,2
53001234,AB300 PPM SNSR W/CA AND CAP,Each,Equipment,MISCELLANEOUS SPARE PARTS,2
92231004,GEO II RINSE PKD CAN,Each,Equipment,GEO DISPENSER,2
53004642,FRLD SCTY ENCL PKD,Each,Equipment,MISCELLANEOUS SPARE PARTS,2
53005849,HHDS DISP 1.3L PKD,Each,Equipment,CHEMICAL DISPENSING MISCELLANEOUS EQUIP,2
96202866,STRIKER PLT TBL LIM SW ASSY,Each,Equipment,TABLE SWITCHES,2
89001010,ELEM HTR 7.5KW 208V FLG,Each,Equipment,HEATER ELEMENTS,2
83710060,MOT 1/4HP 208-230/460V 3PH,Each,Equipment,DISHMACHINE MOTOR,2
96542093,TMR CKT BD M/D 14SEC-RNS,Each,Equipment,DISHMACHINE MISCELLANEOUS SPARE PARTS,2
92231079,APEX PRSK RTU DISP PKD,Each,Equipment,APEX DISPENSER,2
96585682,SW FLT ES4400 JCKSN,Each,Equipment,SWITCHES,2
53006117,LDS2.0 1.3L SB 2PK,Each,Equipment,OASIS PRO DISPENSER,2
89001028,ELEM HTR 7.5KW 480V FLG,Each,Equipment,HEATER ELEMENTS,2
53005124,ECO SGL PHF FLTRT SYS,Each,Equipment,HIGH CAPACITY-SINGLE,2
96662125,FIR PMP REPL MOT115V W/HARN,Each,Equipment,#N/A,2
96522192,PLMB RGLTR-STRN EC44 WLDMT,Each,Equipment,MISCELLANEOUS SPARE PARTS,2
50002524,RLY OVLD THRM 3P 690V 0.90-1.25A,Each,Equipment,MISCELLANEOUS SPARE PARTS,2
50002528,RLY OVLD THRM 3P 690V 2.8-4.0A,Each,Equipment,#N/A,2
93202266,HEAD ECO SGL SMF 6,Each,Equipment,HIGH CAPACITY-SINGLE,2
53006389,ELT DBL COMBARM ASSY,Each,Equipment,MISCELLANEOUS SPARE PARTS,2
85225002,VLV RLF 3/4 150PSI 205K BTU,Each,Equipment,VALVE-MECHANICAL,2
93201035,F2O BIG BOY QD STARTER KIT,Each,Equipment,CAPSULE-INSTALL KIT,2
92022410,MULTI FUNCTION SPY WAND,Each,Equipment,HOUSEKEEPING TOOLS,2
96580683,VLV SLND 120/220V JP24,Each,Equipment,SOLENOID-VALVE,2
83000836,CONTR 4P 120V 50A,Each,Equipment,CONTACTOR,2
83000828,CONTR 3P 120V 50A,Each,Equipment,CONTACTOR,2
89005409,THERMO RSETSS 210DEG,Each,Equipment,DISHMACHINE MISCELLANEOUS SPARE PARTS,2
53001926,LDS BTLACTV SB AG DISP 2PK,Each,Equipment,OASIS PRO DISPENSER,2
92651182,THREE MINUTE DEMO KIT,Each,Equipment,MISCELLANEOUS SPARE PARTS,2
89001008,ELEM HTR 6KW 480V 15,Each,Equipment,HEATER ELEMENTS,2
92661024,COPPER TUBE 1/4 IN 50 FT,Each,Equipment,TUBING,2
93203894,FRESH2O 5.0 MICRON TODS,Each,Equipment,MODULAR CARTRIDGE - TODS,2
92214980,KAY FCET ADPTR KIT,Each,Equipment,MISCELLANEOUS SPARE PARTS,2
10042583,TITRATE TK 415,Each,Equipment,TEST KITS,2
53001271,CURT 20.5WX24.5L EC PVC,Each,Equipment,PENDING,2
96662086,PRB TEMP NTC 10K 8L CA,Each,Equipment,MISCELLANEOUS SPARE PARTS,2
96522180,COWL VENT STDH EC WLDMT,Each,Equipment,DISHMACHINE MISCELLANEOUS SPARE PARTS,2
96522166,LEG LKGE DRIVE EC MACH,Each,Equipment,MISCELLANEOUS SPARE PARTS,2
92921113,RKF 6324-S1 16 RED 7-5/16,Each,Equipment,16 COMPARTMENT GLASS RACK,2
96522130,SCRN STRNW/HDL&GD EC WLDMT,Each,Equipment,DISHMACHINE MISCELLANEOUS SPARE PARTS,2
96580394,DOOR FALSE KIT ES2000/OMEGA,Each,Equipment,DISHMACHINE MISCELLANEOUS SPARE PARTS,2
50001297,RLY OVLD THERMO 3P 600V3.1-4.2 A,Each,Equipment,#N/A,2
53001269,CURT 20.5WX20.5L EC PVC,Each,Equipment,PENDING,2
96522153,GDE BTM PAWL BAR EC MACH,Each,Equipment,MISCELLANEOUS SPARE PARTS,2
96522155,GDE TOP PAWL BAR EC BLK,Each,Equipment,MISCELLANEOUS SPARE PARTS,2
96520000,APEX HT RNS ARM ASSY,Each,Equipment,RINSE ARM,2
50001292,RLY OVLD THERMO 3P 600V 0.55-0.74 A,Each,Equipment,#N/A,2
96522136,ACTR SW LIM EC WLDMT,Each,Equipment,#N/A,2
50001041,SW LTCHG 25MM 2A 24VDC SST,Each,Equipment,MISCELLANEOUS SPARE PARTS,2
50001042,SW MOM 2A AT 24VDC SST,Each,Equipment,MISCELLANEOUS SPARE PARTS,2
92232017,2GAL BAG HLDR LEG MT KITPKD,Each,Equipment,DISHMACHINE MISCELLANEOUS SPARE PARTS,2
92582816,TBG FLX 3/8X3/32X10 VTN,Each,Equipment,#N/A,2
92652602,OAS PRO PMPUP SPYR,Each,Equipment,OASIS PRO HOUSEKEEPING TOOLS,2
83900985,FU 50A 600V,Each,Equipment,DISHMACHINE MISCELLANEOUS SPARE PARTS,2
96022835,FU TD 1-1/2X13/32 1/2A 600V,Each,Equipment,MISCELLANEOUS SPARE PARTS,2
96027103,SW PUSH BTN PRIME/CYCLE SST,Each,Equipment,#N/A,2
96020862,HUB DRIVE ES44,Each,Equipment,DISHMACHINE MISCELLANEOUS SPARE PARTS,2
53005121,PWA NGDC SP CONT RPR PKD,Each,Equipment,DISHMACHINE MISCELLANEOUS SPARE PARTS,2
84604321,PMP HD PERSTLC W/1CC BLU,Each,Equipment,#N/A,2
83740357,MOT GR 24VDC 36RPM ECL,Each,Equipment,#N/A,2
96027102,SW PUSH BTN ON/OFF SST,Each,Equipment,SWITCHES,2
85260545,VLV SLND 1/4FNPT 24VAC BRNP A-POSN,Each,Equipment,SOLENOID-VALVE,2
92151014,OAS PU PRB ASSY 15 GAL PKD,Each,Equipment,OASIS ACCESSORY,2
96022103,SW PUSH BTN MAINT 5A DPDT ASSY,Each,Equipment,#N/A,2
50000526,CORD PWR 14/3 8FT 125V,Each,Equipment,#N/A,2
89002331,ELEM HTR IMRS 4500W 208V,Each,Equipment,HEATER ELEMENTS,2
96582034,NUT WING 1/4-20 ES4400,Each,Equipment,DISHMACHINE MISCELLANEOUS SPARE PARTS,2
96562871,PERSTLC PUMP HSG KIT,Each,Equipment,DISHMACHINE MISCELLANEOUS SPARE PARTS,2
85016002,TBG FLX .105X3.875 NPRN KIT,Each,Equipment,TUBING,2
92001460,VAC BRKR 3/4RPR W/CAP WATTS,Each,Equipment,VACUUM BREAKER,2
96028162,SLND VLV RPR KIT 1/4 PARKER,Each,Equipment,SOLENOID-REPAIR KITS,2
92151444,OAS ISL WAVE RM INSTL KIT,Each,Equipment,INSTALL KITS,2
92151435,OAS CLN ESCP INSTL KIT,Each,Equipment,#N/A,2
92151442,OAS GRDN SNSHN INSTL KIT,Each,Equipment,INSTALL KITS,2
92151290,OAS LNDRY FRESH INSTL KIT,Each,Equipment,OASIS INSTALL KITS,2
96522105,BRKT OMEGA5E MLD AIRGAP SST,Each,Equipment,DISHMACHINE MISCELLANEOUS SPARE PARTS,2
53004115,KYSTN GREASELIFT INSTL KIT,Each,Equipment,MISCELLANEOUS SPARE PARTS,2
89009138,THERM DIAL 50-300DEG1/4MNPT,Each,Equipment,DISHMACHINE MISCELLANEOUS SPARE PARTS,2
92973361,RABURN SPLASH CURTAIN18''X9'',Each,Equipment,CURTAINS-SPLASH,2
92151148,SWSHNWLK INSTL KIT KYSTN,Each,Equipment,MISCELLANEOUS SPARE PARTS,2
96212001,HLDR SWVL PAD QIKCHG ECL,Each,Equipment,FLOOR CLEANING ACCESSORIES,2
92180850,PERSTLC TBG 1-1/2CC KIT,Each,Equipment,#N/A,2
85030377,HOSE WTR 1/2X6FT EPDM BLK,Each,Equipment,MISCELLANEOUS SPARE PARTS,2
96586615,YOKE CNTLVR ARM ASSY,Each,Equipment,DISHMACHINE MISCELLANEOUS SPARE PARTS,2
53000276,3IN1 CARP SPOTRMVR INSTLKIT,Each,Equipment,HOUSEKEEPING-SPRAY BOTTLE LABELS,2
92571173,SLTRN1000 SOLITAIRE KIT,Each,Equipment,SOLITRON DISPENSER,2
96529050,CAP END WASH TUBE MACH,Each,Equipment,MISCELLANEOUS SPARE PARTS,2
92560077,TBG FLX .500X.156 EPDM PKD,Each,Equipment,TUBING,2
96581285,SPR CANTILEVER DOOR,Each,Equipment,DISHMACHINE MISCELLANEOUS SPARE PARTS,2
96582026,SEAL SFT OMEGA HT PMP,Each,Equipment,DISHMACHINE MISCELLANEOUS SPARE PARTS,2
53006172,MCF NORNS ALK FLRCLNR INSTL KIT,Each,Equipment,OASIS INSTALL KITS,2
85613018,CONN 3/4SHRKBTX3/4SHRKBT,Each,Equipment,#N/A,2
92531007,HMSTYL SOL LNDRY LOCK KIT,Each,Equipment,INSTALL KITS,2
53001343,NANO DRN CHK VLV ASSY,Each,Equipment,MISCELLANEOUS SPARE PARTS,2
92151339,OAS GL CLNR INSTL KIT,Each,Equipment,OASIS INSTALL KITS,2
84800041,PERSTLC PMP RLR ASSY WHT,Each,Equipment,DISHMACHINE MISCELLANEOUS SPARE PARTS,2
96029533,PERSTLC PMP RLR ASSY BLK,Each,Equipment,#N/A,2
87203900,SEAL ORNG PMP 4-1/8,Each,Equipment,O-RING,2
85633007,ELB 90 1/2SHRKBT,Each,Equipment,ELBOW FITTING,2
85613017,CONN 1/2SHRKBTX1/2SHRKBT,Each,Equipment,#N/A,2
85613020,CONN 1/2SHRKBTX3/4MNPT,Each,Equipment,CONNECTORS,2
96522143,PLT CONT RNS DRN EC MACH,Each,Equipment,#N/A,2
85280071,VAC BRKR 1/4-3/8 RPR WATTS,Each,Equipment,VACUUM BREAKER REPAIR KIT,2
92510049,TBG FLX .520X.135 EPDM PKD,Each,Equipment,TUBING,2
92002389,INSR TUBE 1/4 SST 10PK,Each,Equipment,MISCELLANEOUS SPARE PARTS,2
92290089,OASIS SPIGOT ASSY,Each,Equipment,OASIS SPARE PARTS,2
96583489,SPR DR EXT 8-1/2 JCKSN,Each,Equipment,DISHMACHINE MISCELLANEOUS SPARE PARTS,2
92151284,OAS PRO LNDRY FRSH LBL KIT,Each,Equipment,OASIS PRO LABEL KIT,2
85643002,TEE 3/8TX3/8CPX1/4CP BRS,Each,Equipment,MISCELLANEOUS SPARE PARTS,2
83903020,BTRY 1.5V LR03SZ-AAA ALK8PK,Each,Equipment,#N/A,2
92151431,QC36 NO/LW MAINTC UC LBLKIT,Each,Equipment,INSTALL KITS,2
92002144,WYE TEE 1/8 BRS,Each,Equipment,MISCELLANEOUS SPARE PARTS,2
96023981,CURTAIN HOOK END ES44,Each,Equipment,CURTAINS-ACCESSORIES,2
86149051,BSHG 1/2X1/4 SCHED80 PVC,Each,Equipment,MISCELLANEOUS SPARE PARTS,2
92581099,SSIII REPL ELECTRODE CELL,Each,Equipment,DISHMACHINE MISCELLANEOUS SPARE PARTS,2
86020009,CAP ADPTR 1/4 KL7 EPDM PRP,Each,Equipment,MISCELLANEOUS SPARE PARTS,2
96542424,STRN PU TUBE 3/16BARB PP,Each,Equipment,DISHMACHINE MISCELLANEOUS SPARE PARTS,2
92151271,KYSTN SANITIZER LBL KIT,Each,Equipment,KITCHEN HYGIENE-DISPENSER LABELS,2
50000513,HOSEBARBELB90 1/8HSX5/16-24,Each,Equipment,#N/A,2
96028261,ROD DRN ADJ ES2000/ES4000,Each,Equipment,DISHMACHINE MISCELLANEOUS SPARE PARTS,2
83314500,NPL OFS 1/2 CND,Each,Equipment,MISCELLANEOUS SPARE PARTS,2
53007241,LBL CHEM PROD BRINK 4/SH,Each,Equipment,KITCHEN HYGIENE-CHART LABELS,2
92023361,LBL DISPQC77BIOENZODRELMNTR,Each,Equipment,HOUSEKEEPING-DISPENSER LABELS,2
92023363,LBL DISP QC73 ACIDBTHRMCLNR,Each,Equipment,MISCELLANEOUS SPARE PARTS,2
86235025,TEE ST 3/8 BRS,Each,Equipment,MISCELLANEOUS SPARE PARTS,2
83311506,CONN CND 1/2 LIQT MTLC,Each,Equipment,#N/A,2
96522018,END CAP RNS ARM APEX HT,Each,Equipment,ENDCAP,2
53003646,LBL BTL DAILY DISINF CLNR,Each,Equipment,HOUSEKEEPING-SPRAY BOTTLE LABELS,2
92151443,OP GRDN SNSHN LBL KIT,Each,Equipment,INSTALL KITS,2
53002756,LBL BTL KYSTN SS SNTZR,Each,Equipment,MANUAL WAREWASHING-SPRAY BOTTLE LABELS,2
85786689,HOSE BARB 90 3/8HSX1/2MNPT,Each,Equipment,HOSE,2
92631423,CABLE TIE W/MTG HOLE 20 PK,Each,Equipment,MISCELLANEOUS SPARE PARTS,2
92232160,LBL PROD ID WRWSH RNS,Each,Equipment,KITCHEN HYGIENE-DISPENSER LABELS,2
92153200,LBL BTL FPRO34 NEUT FLR,Each,Equipment,FLOOR CARE-SPRAY BOTTLE LABELS,2
92022682,LBL BTL REVITALIZE EXTRACT,Each,Equipment,FLOOR CARE-SPRAY BOTTLE LABELS,2
92152749,LBL BTL KYSTN MQ SNTZR CAN,Each,Equipment,HOUSEKEEPING-SPRAY BOTTLE LABELS,2
92012019,LBL BTL QF34 NEUT FLR,Each,Equipment,FLOOR CARE-SPRAY BOTTLE LABELS,2
92012047,LBL BTL PEROX MSCD QF,Each,Equipment,HOUSEKEEPING-SPRAY BOTTLE LABELS,2
92232332,LBL BTL SMTPWR SNTZR,Each,Equipment,MISCELLANEOUS SPARE PARTS,2
92652141,LBL BTL FAST FOAM DGRSR,Each,Equipment,HOUSEKEEPING-SPRAY BOTTLE LABELS,2
92153525,LBL BTL QC36 NO/LWMAINTC UC,Each,Equipment,MISCELLANEOUS SPARE PARTS,2
92652377,LBL PROD ID PANTASTIC,Each,Equipment,MANUAL WAREWASHING-DISPENSER LABELS,2
92632040,LBL BTL SCOUT,Each,Equipment,HOUSEKEEPING-SPRAY BOTTLE LABELS,2
85725500,UN RDCG 1/2TX3/8T PP PUSHIN,Each,Equipment,MISCELLANEOUS SPARE PARTS,2
85244501,VLV CHK 1/4BARBX1/4BARB,Each,Equipment,VALVE-CHECK,2
85634350,ELB 1/4TX1/4MNPT BRNP SA,Each,Equipment,ELBOW FITTING,2
85725018,UN RDCG BARB 1/2X3/8 KYN,Each,Equipment,MISCELLANEOUS SPARE PARTS,2
85783405,CONN 1/2BARBX1/2MNPT BRS,Each,Equipment,CONNECTORS,2
96566872,KEY SFT 1/4 SST STERO,Each,Equipment,DISHMACHINE MISCELLANEOUS SPARE PARTS,2
85725000,UN BARB 3/8X3/8 KYN,Each,Equipment,MISCELLANEOUS SPARE PARTS,2
92632079,LBL LNDRY LINT,Each,Equipment,MISCELLANEOUS SPARE PARTS,2
96627479,CONN 1/4TX3/8T PUSH PP,Each,Equipment,CONNECTORS,2
87020027,LOCK W/ 15/16 STRT CAM ASSY,Each,Equipment,#N/A,2
92153052,LBL BTL ULTRA SAN LIQ SNTZR,Each,Equipment,HOUSEKEEPING-SPRAY BOTTLE LABELS,2
87301693,CLP HOSE 3/8TO7/8 SST,Each,Equipment,MISCELLANEOUS SPARE PARTS,2
96582903,GSKT DRN SEAT PENT,Each,Equipment,GASKET,2
96522147,GSKT DRIVE GUTTER EC,Each,Equipment,GASKET,2
92023199,LBL BTL QC35 MAXX DLACTN,Each,Equipment,FLOOR CARE-SPRAY BOTTLE LABELS,2
92152409,LBL BTL OAS PRO 41,Each,Equipment,HOUSEKEEPING-SPRAY BOTTLE LABELS,2
87301362,CLP HOSE .88TO2.75 SST,Each,Equipment,HOSE CLAMP,2
92299353,CAP 38MM OAS PU PRB .44 BLK MLD,Each,Equipment,OASIS SPARE PARTS,2
92154113,LBL BTL QC92 UC NEUT BTH,Each,Equipment,HOUSEKEEPING-SPRAY BOTTLE LABELS,2
96662061,COV SW MAG DM LG,Each,Equipment,MISCELLANEOUS SPARE PARTS,2
96662062,COV SW MAG DM SHT,Each,Equipment,MISCELLANEOUS SPARE PARTS,2
53003999,LBL DISP RAPID MSDC,Each,Equipment,HOUSEKEEPING-DISPENSER LABELS,2
96582767,NMPLT SMTPWR SOLSNTZRTSCWHT,Each,Equipment,MISCELLANEOUS SPARE PARTS,2
96020417,CLP HOSE 1-1/4TO2-1/2 SST,Each,Equipment,HOSE CLAMP,2
92153359,LBL DISP KYSTNLVNDRVGRSOMSC,Each,Equipment,MISCELLANEOUS SPARE PARTS,2
50000463,SEAL ORNG .301X.07 SILCNE,Each,Equipment,#N/A,2
92631027,WALL ANCR 1/4 W/SCR 10PK,Each,Equipment,MISCELLANEOUS SPARE PARTS,2
96031430,LBL SVCE ECOTEMP,Each,Equipment,DISHMACHINE MISCELLANEOUS SPARE PARTS,2
85294023,STRN FT VLV 1/8-1/4 BARB PP,Each,Equipment,#N/A,2
96022021,LBL OPR LIM CNVR HT,Each,Equipment,#N/A,2
92023236,LBL DISP QC A-456II DISINF,Each,Equipment,HOUSEKEEPING-DISPENSER LABELS,2
92152881,LBL ID LGE MRNG BREEZE,Each,Equipment,HOUSEKEEPING-DISPENSER LABELS,2
96022116,SEAL ORNG UPR WASH ARM ES44,Each,Equipment,O-RING,2
53004000,LBL ID SM FPRO RAPID MSDC,Each,Equipment,HOUSEKEEPING-DISPENSER LABELS,2
53004659,LBL ID SM KYSTN ENZY 2IN1 DTRG & PRESK,Each,Equipment,OTHER LABELS,2
90012435,LBL ID CFEZ 22MLTIQTSNTZR,Each,Equipment,MISCELLANEOUS SPARE PARTS,2
92153134,LBL ID SM ENCOMPASS,Each,Equipment,MISCELLANEOUS SPARE PARTS,2
92153044,LBL ID SM GREASELIFT,Each,Equipment,KITCHEN HYGIENE-DISPENSER LABELS,2
92152520,LBL DISP OAS 137,Each,Equipment,HOUSEKEEPING-DISPENSER LABELS,2
92153047,LBL ID SM HPF NEUT FLR,Each,Equipment,FLOOR CARE-DISPENSER LABELS,2
92152680,LBL DISP MAXX DLACTN FLR,Each,Equipment,FLOOR CARE-DISPENSER LABELS,2
90012440,LBL ID CFEZ MLTIPRP DGRSR,Each,Equipment,MISCELLANEOUS SPARE PARTS,2
88419007,NUT LOCK 3/8-16 W/NYL INSR 304SST,Each,Equipment,LOCK WASHER,2
88429105,NUT LOCK 8-32 W/NYL INSR 304SST,Each,Equipment,LOCK WASHER,2
96026455,NUT LOCK 1/4-20 W/NYL INSR 304SST,Each,Equipment,LOCK WASHER,2
88429063,NUT LOCK 10-24 W/NYL INSR 304SST,Each,Equipment,LOCK WASHER,2
88125604,SCR PHMS+ 6-32X5/8 SST,Each,Equipment,DISHMACHINE MISCELLANEOUS SPARE PARTS,2
92655000,LBL FED EX RTN AUTH BLANK,Each,Equipment,OTHER LABELS,2
92021190,NEXA TF CMPCT DISP BLK 1PK,Each,Equipment,NEXA COMPACT TOUCH FREE DISPENSER,3
92021191,NEXA TF CMPCT DISP WHT 1PK,Each,Equipment,NEXA COMPACT TOUCH FREE DISPENSER,3
92023356,CADDY BTL HCC/NEXA MLD,Each,Equipment,MISCELLANEOUS TOOLS AND SUPPLIES,3
92581009,ADV LNDRY 5PMP 115V PKD,Each,Equipment,LAUNDRY DISPENSER,3
53000601,SMTPWR 2PROD ASSY PKD,Each,Equipment,SMARTPOWER DISPENSER,3
93022026,PMP PWRBASE 80GPM 115V PPG,Each,Equipment,MISCELLANEOUS SPARE PARTS,3
92331054,AFVT STARTER KIT,Each,Equipment,STARTER KITS,3
92301022,SMARTPOWER 440/480V XMFR KIT,Each,Equipment,DISHMACHINE MISCELLANEOUS SPARE PARTS,3
83710418,MOT 3/4HP 115/230V 1PH PKD,Each,Equipment,DISHMACHINE MOTOR,3
96023726,TABLE LIMIT SWITCH NEW STYLE,Each,Equipment,TABLE SWITCHES,3
92231125,SMTPWR/ULT RNS DISP PKD,Each,Equipment,APEX DISPENSER PARTS,3
96562715,PMP CNTFGL COMPL,Each,Equipment,DISHMACHINE MISCELLANEOUS SPARE PARTS,3
92231159,SMTPWRFL SNTZR W/PCTV DISP PKD,Each,Equipment,CHEMICAL DISPENSING MISCELLANEOUS EQUIP,3
92171453,DRYMAX PKD MLD,Each,Equipment,DRYMAX DISPENSER,3
50002530,RLY OVLD THRM 3P 690V 5.5-8.0A,Each,Equipment,MISCELLANEOUS SPARE PARTS,3
96522056,EC 3PH HTR WRG KIT,Each,Equipment,HEATER ELEMENTS,3
53002306,NEXA TF DISP STND BLK PKD,Each,Equipment,OTHER DISP/DOS/MONIT/CTRL EQUIP,3
53001038,CONT TEMP SGL RGLTG DM,Each,Equipment,MISCELLANEOUS SPARE PARTS,3
96022010,CONTR HTR 3P 50A 110V COIL,Each,Equipment,CONTACTOR,3
96522211,COWL VENT HIH EC WLDMT,Each,Equipment,DISHMACHINE MISCELLANEOUS SPARE PARTS,3
89005417,THERMO CONT SS 112-192DEG,Each,Equipment,DISHMACHINE MISCELLANEOUS SPARE PARTS,3
96566112,BRG ECC CAM 1-1/4OD,Each,Equipment,DISHMACHINE MISCELLANEOUS SPARE PARTS,3
89001003,ELEM HTR 4KW 208V 11-1/2,Each,Equipment,HEATER ELEMENTS,3
92170134,STACKING PERSTLC PMP KIT BAG,Each,Equipment,#N/A,3
92122316,SNSR S2000 W/24FT CA,Each,Equipment,MISCELLANEOUS SPARE PARTS,3
92000000,3PORT PU PRB ASSY 5GAL,Each,Equipment,DISHMACHINE MISCELLANEOUS SPARE PARTS,3
96580052,XL2000 XFMR WRG 10FT W/CND,Each,Equipment,MISCELLANEOUS SPARE PARTS,3
96522202,ELB SWT ADPTR 1/2-14MNPT EC,Each,Equipment,#N/A,3
83902171,FU CONT 2AMPS,Each,Equipment,MISCELLANEOUS SPARE PARTS,3
50001293,RLY OVLD THERMO 3P 600V 1.0-1.3A,Each,Equipment,#N/A,3
92290055,PRB PU OAS DUAL ASSY,Each,Equipment,MISCELLANEOUS SPARE PARTS,3
92102136,XFMR 115/200/230/460X22.5,Each,Equipment,MISCELLANEOUS SPARE PARTS,3
92018480,QUIKFILL SIDEKICK W/THD KIT,Each,Equipment,MISCELLANEOUS SPARE PARTS,3
83900951,FU 60A 300V,Each,Equipment,DISHMACHINE MISCELLANEOUS SPARE PARTS,3
83904029,XFMR 115/230X22 30VA FT MT,Each,Equipment,MISCELLANEOUS SPARE PARTS,3
85242626,VAC BRKR 3/4 BRCP,Each,Equipment,VACUUM BREAKER,3
53002749,LDS REPL MB AG ASPRTR,Each,Equipment,MISCELLANEOUS SPARE PARTS,3
96022102,SW PUSH BTN MOM 5A DPDT ASSY,Each,Equipment,#N/A,3
92151134,KEYSTONE MULTIQUAT LBL KIT,Each,Equipment,MISCELLANEOUS SPARE PARTS,3
53004800,ELT SOLIDS DISPENSING WIRING KIT,Each,Equipment,DISHMACHINE MISCELLANEOUS SPARE PARTS,3
85244201,VLV CHK 3/8BARBX1/4MNPT KYN,Each,Equipment,#N/A,3
53004012,RAPID MSDC CVRSN KIT,Each,Equipment,HOUSEKEEPING-SPRAY BOTTLE LABELS,3
85016001,TBG FLX .280X3.875 NPRN KIT,Each,Equipment,TUBING,3
83260075,CD SET 14/3 9FT BLK SJTOW,Each,Equipment,DISHMACHINE MISCELLANEOUS SPARE PARTS,3
92180900,PERSTLC TBG 1CC KIT,Each,Equipment,TUBING,3
53006542,ECL RAPID MSDC TST STRIP 0-8OZ 100/VIAL,Each,Equipment,MISCELLANEOUS SPARE PARTS,3
92150045,OAS 135 PWR FORCE INSTL KIT,Each,Equipment,MISCELLANEOUS SPARE PARTS,3
92001189,PU PRB KIT 1/2 W/O CHK VLV,Each,Equipment,MISCELLANEOUS SPARE PARTS,3
92571181,SLTRN1000 SILVER PWR KIT,Each,Equipment,MISCELLANEOUS SPARE PARTS,3
92152269,LO FLW FLEX GAP PKD PP,Each,Equipment,MISCELLANEOUS SPARE PARTS,3
92152270,HI FLW FLEX GAP PKD PP,Each,Equipment,MISCELLANEOUS SPARE PARTS,3
92150041,OAS 137 ORN FORCE INSTL KIT,Each,Equipment,OASIS INSTALL KITS,3
50001356,VLV CHK 1/8BARBX1/8OD PP,Each,Equipment,MISCELLANEOUS SPARE PARTS,3
53000702,LBL RNTLEQUIP RTN 2/SH 10PK,Each,Equipment,DISHMACHINE-LABELS,3
53001036,THRMS 10K .25DIAX4.3L SST,Each,Equipment,MISCELLANEOUS SPARE PARTS,3
50000525,GRIP CORD 1/2NPT NYL,Each,Equipment,MISCELLANEOUS SPARE PARTS,3
92151272,KYSTN FLR CLNR LBL KIT,Each,Equipment,FLOOR CARE-SPRAY BOTTLE LABELS,3
96584313,ROD SPR UNIV CANTILEVER,Each,Equipment,DISHMACHINE MISCELLANEOUS SPARE PARTS,3
92153790,BAR SECURE OAS II PKD,Each,Equipment,MISCELLANEOUS SPARE PARTS,3
85244032,VLV CHK 1/4 PLSTC,Each,Equipment,#N/A,3
85254000,VLV BALL 1/4MNPTX1/4FNPTPVC,Each,Equipment,VALVE-BALL,3
86020002,CAP ADPTR 1/4 KL3 VTN YEL,Each,Equipment,#N/A,3
86020000,CAP ADPTR 1/4 KL6 EPDM RED,Each,Equipment,CAP,3
89990012,SLNT SILCNE RTV 2.8OZ CLR,Each,Equipment,MISCELLANEOUS TOOLS AND SUPPLIES,3
84805944,GSKT WSH PMP FCPLT SILCNE,Each,Equipment,GASKET,3
92151390,OAS PRO BIOENZELMNTR LBLKIT,Each,Equipment,OASIS PRO LABEL KIT,3
92151318,KYSTN GREASELIFT LBL KIT,Each,Equipment,HOUSEKEEPING-SPRAY BOTTLE LABELS,3
92151341,OAS PRO GL CLNR LBL KIT,Each,Equipment,OASIS PRO LABEL KIT,3
53003987,FPRO RAPID MSDC LBL KIT,Each,Equipment,OASIS PRO LABEL KIT,3
92021218,QC34 HPF UC NEUT FLR LBLKIT,Each,Equipment,HOUSEKEEPING-LABEL KITS,3
96021563,ROD CURT ES44,Each,Equipment,CURTAINS-ACCESSORIES,3
53003995,LBL BTL MCF RAPID MSDC,Each,Equipment,MISCELLANEOUS SPARE PARTS,3
85785030,HOSE BARB 3/8HSX3/8MNPT KYN,Each,Equipment,HOSE,3
92153277,LBL BTL OAS PRO RELAXNG SPA,Each,Equipment,HOUSEKEEPING-SPRAY BOTTLE LABELS,3
92153152,LBL BTL KYSTN DGRSR,Each,Equipment,MISCELLANEOUS SPARE PARTS,3
85785863,HOSE BARB 90 3/8HSX3/8MNPT,Each,Equipment,HOSE,3
92232013,LBL BAG HLDR FLEX PAK SCOUT,Each,Equipment,MANUAL WAREWASHING-DISPENSER LABELS,3
10042411,2.5/5 ML PLASTIC VIAL,Each,Equipment,MISCELLANEOUS SPARE PARTS,3
86139037,PLUG PIPE 1/2 HEX PVC,Each,Equipment,F&B EQUIPMENT,3
92907054,BSKT SILWR 7201 RND BRN,Each,Equipment,SILVERWARE WASHERS,3
92907070,BSKT SILWR 7201 RND YEL,Each,Equipment,SILVERWARE WASHERS,3
85645067,TEE UN 1/2T KYN,Each,Equipment,MISCELLANEOUS SPARE PARTS,3
96582762,EYEBOLT SPADE 3/8-16X7 ZP,Each,Equipment,DISHMACHINE MISCELLANEOUS SPARE PARTS,3
85615748,CONN 3/8TX3/8MNPT ACETALPUSH,Each,Equipment,CONNECTORS,3
96522017,GSKT HTR WASH TK SNTPRN,Each,Equipment,GASKET,3
92023234,LBL BTL QC A-456II DISINF,Each,Equipment,HOUSEKEEPING-SPRAY BOTTLE LABELS,3
92152948,LBL BTL NEUT DISINF CLNR,Each,Equipment,HOUSEKEEPING-SPRAY BOTTLE LABELS,3
85745164,TEE UN 1/2 BARB,Each,Equipment,MISCELLANEOUS SPARE PARTS,3
92152951,LBL BTL 20 NEUT DISINF CLN,Each,Equipment,HOUSEKEEPING-SPRAY BOTTLE LABELS,3
88220007,SCR SHSTS 1/4-20X3/8 SST,Each,Equipment,#N/A,3
53003024,SPR DR NANO,Each,Equipment,MISCELLANEOUS SPARE PARTS,3
92152878,LBL ID LGE LNDRY FRSH,Each,Equipment,MISCELLANEOUS SPARE PARTS,3
86135019,PLUG PIPE 1/4 HEX BRS,Each,Equipment,MISCELLANEOUS SPARE PARTS,3
53004006,LBL ID LG RAPID MSDC,Each,Equipment,HOUSEKEEPING-DISPENSER LABELS,3
53003998,LBL ID SM RAPID MSDC,Each,Equipment,HOUSEKEEPING-DISPENSER LABELS,3
92632065,LBL X-LG CURT,Each,Equipment,MISCELLANEOUS SPARE PARTS,3
92023239,LBL DISP QC34 HPF UC NEUT,Each,Equipment,FLOOR CARE-DISPENSER LABELS,3
96035241,PIN COT 1/80X1-15/16 SST,Each,Equipment,DISHMACHINE MISCELLANEOUS SPARE PARTS,3
92153054,LBL ID LGE HPF NEUT FLR,Each,Equipment,FLOOR CARE-DISPENSER LABELS,3
83113076,GROM 3/8X1/4X1/16 RBR BN,Each,Equipment,#N/A,3
92002385,INSR TUBE 1/4 PP,Each,Equipment,#N/A,3
53002277,LBL ID SM SMTPWR SS SNTZR,Each,Equipment,MANUAL WAREWASHING-DISPENSER LABELS,3
92152840,LBL ID SM KYSTN FLR CLNR,Each,Equipment,FLOOR CARE-DISPENSER LABELS,3
90012453,LBL ID MCF EASY SCRB HD P&PDTRG,Each,Equipment,MISCELLANEOUS SPARE PARTS,3
88521141,WSHR LOCK 5/16 304SST SPT,Each,Equipment,MISCELLANEOUS SPARE PARTS,3
92021183,NEXA TF CMPCT DISP BLK 6PK,Each,Equipment,NEXA COMPACT TOUCH FREE DISPENSER,3
92023409,NMPLT NEXA INST HNDSP,Each,Equipment,MISCELLANEOUS SPARE PARTS,3
92023106,NMPLT NEXA INST HNDSNTZR,Each,Equipment,MISCELLANEOUS SPARE PARTS,3
92023318,LBL BTL ABFMHDSP NEXA,Each,Equipment,HOUSEKEEPING-SPRAY BOTTLE LABELS,3
92591158,SCLS CONT PRGM PKD RFB,Each,Equipment,MISCELLANEOUS SPARE PARTS,3
96852004,PMP&MOT ASSY 1HP 115/60/1,Each,Equipment,MISCELLANEOUS SPARE PARTS,4
96020045,MOT 2HP 208-230/460V 3PH,Each,Equipment,DISHMACHINE MOTOR,4
92231124,SMTPWR/ULT DTRG DISP PKD,Each,Equipment,APEX DISPENSER PARTS,4
53001450,NANO DSPL ASSY,Each,Equipment,#N/A,4
50002529,RLY OVLD THRM 3P 690V 4.5-6.3A,Each,Equipment,#N/A,4
92001379,3PORT 15/30/55GAL PU PRBPKD,Each,Equipment,DISHMACHINE MISCELLANEOUS SPARE PARTS,4
84807833,PMP HD RPR KIT KUDXX-LSAU,Each,Equipment,MISCELLANEOUS SPARE PARTS,4
89005145,THERMO PRB 170DEG,Each,Equipment,DISHMACHINE MISCELLANEOUS SPARE PARTS,4
96022104,THERM 96 LEAD 6 PROBE,Each,Equipment,MISCELLANEOUS SPARE PARTS,4
96021464,SW REED MAG ES44,Each,Equipment,SWITCHES,4
89005149,THERMO BULB&CPLRY 220 FIXED,Each,Equipment,DISHMACHINE MISCELLANEOUS SPARE PARTS,4
84802006,VLV SWG 1-1/2 SKT PVC,Each,Equipment,VALVE-OTHER,4
83900977,FU 40A 600V,Each,Equipment,DISHMACHINE MISCELLANEOUS SPARE PARTS,4
96027990,SW REED 120VAC 840 MA,Each,Equipment,SWITCHES,4
53002754,KYSTN S&SCLNRSNTZR BTL INSTL KIT,Each,Equipment,OASIS INSTALL KITS,4
92291001,OASIS WALL RACK SST PKD,Each,Equipment,OASIS RACK,4
85015267,TBG FLX1.25X.125X25FTPVCCLR,Each,Equipment,TUBING,4
83900936,FU 40A 300V,Each,Equipment,DISHMACHINE MISCELLANEOUS SPARE PARTS,4
53001265,CURT 20.5WX12L EC PVC,Each,Equipment,PENDING,4
50001291,CONT 3P 120V 20A NO,Each,Equipment,#N/A,4
53003148,TIP MTR KIT W/ORGNZR V2,Each,Equipment,MISCELLANEOUS SPARE PARTS,4
84807841,FTG INJ 1/4NPTX1/4T,Each,Equipment,DISHMACHINE MISCELLANEOUS SPARE PARTS,4
53005741,PMP HD PERSTLC W/O TBG BLU ASSY,Each,Equipment,MISCELLANEOUS SPARE PARTS,4
92662220,TBG FLX 5/8X1/8X25FT/RL PVC CLR,Each,Equipment,#N/A,4
50000782,VLV CHK 1/8 BARB PVDF,Each,Equipment,MISCELLANEOUS SPARE PARTS,4
53004657,KYSTN ENZY 2IN1 DTRG & PRESK INSTL KIT,Each,Equipment,INSTALL KITS,4
92001585,KEYSTN LTM PU PRB CVRSN KIT,Each,Equipment,OASIS PRO SPARE PARTS,4
85242501,VAC BRKR 1/4 BRCP,Each,Equipment,VACUUM BREAKER,4
53003989,MCF RAPID MSDC INSTL KIT,Each,Equipment,OASIS INSTALL KITS,4
92290023,PU PRB ASSY 2.5GAL EVA,Each,Equipment,MISCELLANEOUS SPARE PARTS,4
92652473,SPRY FMR 10.12 WHT 4PK,Each,Equipment,MISCELLANEOUS SPARE PARTS,4
92151233,OAS 66 INSTL KIT,Each,Equipment,OASIS INSTALL KITS,4
92151317,GREASELIFT LBL KIT,Each,Equipment,DISHMACHINE MISCELLANEOUS SPARE PARTS,4
53001033,THRMS 100K .187DIAX4.3L SST,Each,Equipment,MISCELLANEOUS SPARE PARTS,4
53002752,LDS MB EGAP 6FT TBG ASSY,Each,Equipment,MISCELLANEOUS SPARE PARTS,4
10042734,PH 1-11 ROLL,Each,Equipment,TEST KITS,4
86020006,CAP ADPTR 1/4 KL3 EPDM GRA,Each,Equipment,MISCELLANEOUS SPARE PARTS,4
92653674,LBL BTL GREASESTRIP PLUS,Each,Equipment,HOUSEKEEPING-SPRAY BOTTLE LABELS,4
92151445,OP ISL WAVE RM LBL KIT,Each,Equipment,INSTALL KITS,4
53000701,STP TST CHLOR 15FT,Each,Equipment,TEST KIT,4
92021236,QC77BIOENZODRELMNTR LBL KIT,Each,Equipment,HOUSEKEEPING-SPRAY BOTTLE LABELS,4
85545069,TEE UN 1/4 ACETAL PUSHIN,Each,Equipment,MISCELLANEOUS SPARE PARTS,4
92153370,LBL BTL FPRO 73,Each,Equipment,MISCELLANEOUS SPARE PARTS,4
92213280,LBL BTL DISINF ALK OC 66,Each,Equipment,MISCELLANEOUS SPARE PARTS,4
85615557,CONN UN 3/8 PP PUSHIN,Each,Equipment,CONNECTORS,4
85503654,INSR TUBE 3/8 SST,Each,Equipment,#N/A,4
92480078,BTL W/GRDTD PRNTG CM52,Each,Equipment,SPRAY BOTTLE,4
92372366,NMPLT WASH MAX,Each,Equipment,KITCHEN HYGIENE-DISPENSER LABELS,4
92153043,LBL ID LGE GREASELIFT,Each,Equipment,KITCHEN HYGIENE-DISPENSER LABELS,4
92153217,LBL PROD ID SWSHNWLK,Each,Equipment,MISCELLANEOUS SPARE PARTS,4
96035472,SCR HHCS 1/4-20X1-3/4 SST,Each,Equipment,DISHMACHINE MISCELLANEOUS SPARE PARTS,4
53002755,LBL ID SM SS SNTZR,Each,Equipment,MANUAL WAREWASHING-DISPENSER LABELS,4
83102202,DISCONN FEM 3/16 16-14RLFM,Each,Equipment,#N/A,4
88530605,WSHR FLAT 3/8 316SST,Each,Equipment,MISCELLANEOUS SPARE PARTS,4
88020433,SCR HHCS 1/4-20X1/2 304SST,Each,Equipment,DISHMACHINE MISCELLANEOUS SPARE PARTS,4
96020052,PLT MTG PMP MOT ES44,Each,Equipment,DISHMACHINE MISCELLANEOUS SPARE PARTS,5
89001016,ELEM HTR IMRS 15KW/208 FLG,Each,Equipment,HEATER ELEMENTS,5
96521021,DISHMACH VENT FAN CNTRL KIT,Each,Equipment,DISHMACHINE MISCELLANEOUS SPARE PARTS,5
18007100,ENGINEERING PART F&B GENERAL,Each,Equipment,#N/A,5
96521025,LWR RNS ASSY LOW FLW EC,Each,Equipment,DISHMACHINE MISCELLANEOUS SPARE PARTS,5
89001006,ELEM HTR 6KW 208V 15,Each,Equipment,HEATER ELEMENTS,5
96582052,IMPLR FL 5.7OD ES6600,Each,Equipment,DISHMACHINE MISCELLANEOUS SPARE PARTS,5
92651041,LIQUID FUN PUMP PKD,Each,Equipment,MISCELLANEOUS SPARE PARTS,5
92121045,PWAP VANGUARD 2026,Each,Equipment,MISCELLANEOUS SPARE PARTS,5
83999078,SLND 115V 50/60HZ 7LP PULL,Each,Equipment,SOLENOID-VALVE,5
50001299,RLY OVLD THERMO 3P 600V5.7-7.6 A,Each,Equipment,#N/A,5
85289411,COIL 110/208/240V 50/60HZ,Each,Equipment,COIL,5
53002746,LDS REPL SB EGAP ASPRTR,Each,Equipment,MISCELLANEOUS SPARE PARTS,5
92592670,LAUNDRY ID TAG KIT,Each,Equipment,INSTALL KITS,5
92292007,RK WL AEROLITE XP 2PROD,Each,Equipment,MISCELLANEOUS SPARE PARTS,5
92180884,PERSTLC TBG 1/4CC KIT,Each,Equipment,TUBING,5
96582252,BAR PAWL CONN ASSY,Each,Equipment,DISHMACHINE MISCELLANEOUS SPARE PARTS,5
92652403,RK WIRE 6 UNIV PKD,Each,Equipment,MISCELLANEOUS SPARE PARTS,5
92332047,ECL AFVT TST STRIP 0-2 OZ/GAL 100/VIAL,Each,Equipment,STRIP TAPE,5
85312003,NOZ VJET 1/8MPT 65DEG .6GPM,Each,Equipment,WASH NOZZLE,5
85283779,VLV RPR KIT 3/8 MAG OPRDEMA,Each,Equipment,VALVE-OTHER,5
92151373,OAS 73 INSTL KIT,Each,Equipment,MISCELLANEOUS SPARE PARTS,5
96027610,EXTENDED DOG ES4400,Each,Equipment,DISHMACHINE MISCELLANEOUS SPARE PARTS,5
85244184,VLV CHK 1/4MNPTX3/8BARB PVC WHT,Each,Equipment,VALVE-CHECK,5
85284164,VAC BRKR 3/4 RPR KIT WATTS,Each,Equipment,VACUUM BREAKER REPAIR KIT,5
96023999,CURTAIN HOOK MID ES44,Each,Equipment,CURTAINS-ACCESSORIES,5
96042031,SPRAY NOZZLE AND RCPT OMEGA-5,Each,Equipment,PRE-FLUSH HOSE/SPRAY,5
92001163,PU PRB KIT 1/2 W/CHK VLV,Each,Equipment,MISCELLANEOUS SPARE PARTS,5
96572573,CHEM TUB STIFFENER UNIVERSAL,Each,Equipment,DISHMACHINE MISCELLANEOUS SPARE PARTS,5
85635192,ELB UN 3/8TX1/4T PP PUSHIN,Each,Equipment,ELBOW FITTING,5
86020001,CAP ADPTR 1/4 KL1 EPDM GRN,Each,Equipment,MISCELLANEOUS SPARE PARTS,5
86020003,CAP ADPTR 1/4 KL4 EPDM BLU,Each,Equipment,CAP,5
87020031,LOCK W/90 DEG BEND CAM ASSY,Each,Equipment,MISCELLANEOUS SPARE PARTS,5
89990121,GRS SILCNE 3OZ TUBE,Each,Equipment,MISCELLANEOUS SPARE PARTS,5
92652775,LBL BTL KOOL-KLENE,Each,Equipment,HOUSEKEEPING-SPRAY BOTTLE LABELS,5
86139110,PLUG PIPE 1/4 HEX PVC,Each,Equipment,P&S CONTROLLERS AND PARTS,5
53001465,LBL BTL NO RNS ALK FLR CLNR,Each,Equipment,FLOOR CARE-SPRAY BOTTLE LABELS,5
92652552,LBL BTL OAS SCRB FREE CLNR,Each,Equipment,MISCELLANEOUS SPARE PARTS,5
53000273,LBL BTL 3IN1 CARP SPOT RMVR,Each,Equipment,FLOOR CARE-SPRAY BOTTLE LABELS,5
85615359,CONN 3/8TX1/4MNPT PUSH MG,Each,Equipment,CONNECTORS,5
92653807,LBL LIQ PANTASTIC,Each,Equipment,MANUAL WAREWASHING-DISPENSER LABELS,5
92152524,LBL BTL OAS PRO 16,Each,Equipment,HOUSEKEEPING-SPRAY BOTTLE LABELS,5
85615540,CONN UN 1/4 PP PUSHIN,Each,Equipment,CONNECTORS,5
85635266,ELB 1/2TX1/4MNPT PP W/PG,Each,Equipment,ELBOW FITTING,5
92632062,LBL LG CURT,Each,Equipment,MISCELLANEOUS SPARE PARTS,5
92633601,SQUIRT BOTTLE FLIP TOP CAP,Each,Equipment,BOTTLE,5
53003941,LBL ID SM SCOUT,Each,Equipment,MANUAL WAREWASHING-DISPENSER LABELS,5
88422068,NUT HEX 3/8-16 SST,Each,Equipment,NUT,5
88429097,NUT LOCK 10-32 W/NYL INSR 304SST,Each,Equipment,LOCK WASHER,5
88120886,SCR PHMS+ 10-32X1/2 SST,Each,Equipment,MISCELLANEOUS SPARE PARTS,5
92581007,ADV LNDRY 4PMP 115V PKD,Each,Equipment,LAUNDRY DISPENSER,6
92531010,HSS LNDRY W/CONT PKD,Each,Equipment,LAUNDRY DISPENSER,6
93022464,VLV FLT 3/4MNPTX3/4SPGT PVC PKD,Each,Equipment,MISCELLANEOUS SPARE PARTS,6
96521026,UPR RNS ASSY LOW FLW EC,Each,Equipment,DISHMACHINE MISCELLANEOUS SPARE PARTS,6
92581149,TSTAR XP 5PMP INSTL KIT,Each,Equipment,MISCELLANEOUS SPARE PARTS,6
53001925,LDS SB 1GPM AG DISP 2PK,Each,Equipment,OASIS PRO DISPENSER,6
93032023,ELECTRODE ORP RED BNC,Each,Equipment,MISCELLANEOUS SPARE PARTS,6
53002865,SNSR S2000 W/12FT CA,Each,Equipment,MISCELLANEOUS SPARE PARTS,6
93032018,ELECTRODE PH BLU BNC,Each,Equipment,DISHMACHINE MISCELLANEOUS SPARE PARTS,6
53001856,BRAIN 250/PATHWAYS INSTLKIT,Each,Equipment,PENDING,6
92633825,HANDSOAP BULK DISP,Each,Equipment,BULK HAND CARE DISPENSER,6
84605005,PMP HD PERSTLC W/ 1/2CC GRA,Each,Equipment,#N/A,6
90011055,BRKT EZ SYSTEM 4PK,Each,Equipment,MISCELLANEOUS SPARE PARTS,6
92023448,NEXA DISP HIGH SECURITY ENCL PKD,Each,Equipment,MISCELLANEOUS SPARE PARTS,6
96025200,DOOR MAGNET,Each,Equipment,DISHMACHINE DOOR PARTS,6
92151367,OAS BIOENZ ELMNTR INSTL KIT,Each,Equipment,MISCELLANEOUS SPARE PARTS,6
92151296,MAXX DLACTN FLR INSTL KIT,Each,Equipment,FLOOR CARE TOOLS,6
92151337,OAS HPF NEUT FLR INSTL KIT,Each,Equipment,OASIS INSTALL KITS,6
50000514,VLV CHK 1/8BARB 125PSI PP,Each,Equipment,MISCELLANEOUS SPARE PARTS,6
92632007,DIGIFOAM DISP BLK 1PK,Each,Equipment,DIGICLEAN DISPENSER,6
10042637,CHLORINETEST STRPS0-300PPM,Each,Equipment,CHLORINE TEST STRIPS,6
85017101,TBG FLX .114X.383X8 SILCNE,Each,Equipment,TUBING,6
92151116,OAS PRO 66 LBL KIT,Each,Equipment,OASIS PRO LABEL KIT,6
92021029,QC 73 ACID BTHRM LBL KIT,Each,Equipment,MISCELLANEOUS SPARE PARTS,6
83311555,CONN CND 1/2 NYL LIQT,Each,Equipment,CONNECTORS,6
96581400,ENDCAP RNS ARM SST,Each,Equipment,ENDCAP,6
92153280,LBL BTL OAS 100,Each,Equipment,FLOOR CARE-SPRAY BOTTLE LABELS,6
92153403,LBL BTL SWSHNWLK,Each,Equipment,MISCELLANEOUS SPARE PARTS,6
92151270,KYSTN LIQ POT&PAN LBL KIT,Each,Equipment,KITCHEN HYGIENE-DISPENSER LABELS,6
96552542,WASHARM END CAP,Each,Equipment,ENDCAP,6
92152740,LBL BTL OAS 146 CAN,Each,Equipment,KITCHEN HYGIENE-SPRAY BOTTLE LABELS,6
92023237,LBL BTL QC34 HPF UC NEUTFLR,Each,Equipment,FLOOR CARE-SPRAY BOTTLE LABELS,6
53003993,LBL BTL FPRO RAPID MSDC,Each,Equipment,HOUSEKEEPING-SPRAY BOTTLE LABELS,6
92152877,LBL BTL OAS PRO LNDRY FRSH,Each,Equipment,HOUSEKEEPING-SPRAY BOTTLE LABELS,6
92152884,LBL BTL ZEPHAIR CLN WHT CTN,Each,Equipment,HOUSEKEEPING-SPRAY BOTTLE LABELS,6
85745107,TEE UN 3/8 PE BARB,Each,Equipment,MISCELLANEOUS SPARE PARTS,6
92152726,LBL PROD ID LGE OAS PRO 66,Each,Equipment,HOUSEKEEPING-DISPENSER LABELS,6
92632061,LBL SHT CURT,Each,Equipment,MISCELLANEOUS SPARE PARTS,6
87200013,SEAL ORNG 13/16X1 SILCNE,Each,Equipment,O-RING,6
87301891,CLP HOSE .351TO.394 SNAP,Each,Equipment,#N/A,6
53001466,LBL ID SM NORNS ALK FLRCLNR,Each,Equipment,FLOOR CARE-DISPENSER LABELS,6
92231160,SMTPWRFL/ULT P&P MNL DTRG DISP PKD,Each,Equipment,CHEMICAL DISPENSING MISCELLANEOUS EQUIP,7
53005341,ADV LNDRY CONTROLLER W/BT V2 PKD,Each,Equipment,LAUNDRY DISPENSER-SPARE PARTS,7
53001857,PATHWAYS DRAINBRAIN PKD,Each,Equipment,PATHWAYS DISPENSER,7
92651011,LOCKBOX 2-1/2GAL W/176 KEY,Each,Equipment,MISCELLANEOUS SPARE PARTS,7
92023329,NEXA CLSC/PRIMALINE RFL BTL 10PK,Each,Equipment,MISCELLANEOUS SPARE PARTS,7
85244034,VLV CHK SWG 1 SKT CLR PVC,Each,Equipment,MISCELLANEOUS SPARE PARTS,7
85283406,SLND VLV RPR KIT 3/4 PARKER,Each,Equipment,SOLENOID-REPAIR KITS,7
85242502,VAC BRKR 1/2 BRCP PLSTC BNT,Each,Equipment,MISCELLANEOUS SPARE PARTS,7
53002747,LDS REPL MB EGAP ASPRTR,Each,Equipment,MISCELLANEOUS SPARE PARTS,7
96552567,WASH ARM BEARING ASSY,Each,Equipment,WAREWASHING ARM,7
50001357,VLV CHK 1/8BARBX1/8OD PVDF,Each,Equipment,MISCELLANEOUS SPARE PARTS,7
96570528,TS QIK RLSE 1/4-20SPY BASE,Each,Equipment,DISHMACHINE MISCELLANEOUS SPARE PARTS,7
92520790,SWIVEL ASSY 15-30 GAL,Each,Equipment,MISCELLANEOUS SPARE PARTS,7
53002858,LDS WATER VALVE RPR KIT,Each,Equipment,MISCELLANEOUS SPARE PARTS,7
96522104,AIRGAP OMEGA5E DISHMACH MLD,Each,Equipment,DISHMACHINE MISCELLANEOUS SPARE PARTS,7
96522223,NOZ EC LWR RNS .050 ORF DIA,Each,Equipment,WASH NOZZLE,7
92592056,XPERT REPL PERSTLC TBG EPDM,Each,Equipment,TUBING,7
96522224,NOZ EC UPR RNS .056 ORF DIA,Each,Equipment,WASH NOZZLE,7
85312002,NOZ VJET 1/8MPT 80DEG .8GPM,Each,Equipment,WASH NOZZLE,7
92652348,SPYR FMR 7-5/8 24OZ 12PK,Each,Equipment,SPRAY BOTTLE TRIGGER SPRAYER,7
92001221,PU PRB KIT 3/8 W/CHK VLV,Each,Equipment,MISCELLANEOUS SPARE PARTS,7
92151342,OAS PRO HPF NEUT FLR LBLKIT,Each,Equipment,OASIS PRO LABEL KIT,7
53002751,LDS REPL WTR VLV DPHM,Each,Equipment,#N/A,7
92152670,LBL BTL OAS 135,Each,Equipment,HOUSEKEEPING-SPRAY BOTTLE LABELS,7
92907062,BSKT SILWR 7201 RND BGE,Each,Equipment,SILVERWARE WASHERS,7
85635015,ELB 90DEG 3/8TX3/8T PUSH,Each,Equipment,#N/A,7
96024344,FTG 1/4 BRS ET1 IMPERIAL,Each,Equipment,DISHMACHINE MISCELLANEOUS SPARE PARTS,7
96569983,KEY JCKSN,Each,Equipment,DISHMACHINE MISCELLANEOUS SPARE PARTS,7
92153551,LBL BTL LNDRY FRSH RM,Each,Equipment,HOUSEKEEPING-SPRAY BOTTLE LABELS,7
96522098,HOOK CURT COM EC MACH,Each,Equipment,DISHMACHINE MISCELLANEOUS SPARE PARTS,7
96620328,GLD DR 20.25 UHMWPE,Each,Equipment,DISHMACHINE DOOR PARTS,7
92152539,LBL DISP OAS 146,Each,Equipment,KITCHEN HYGIENE-DISPENSER LABELS,7
92591262,UNIV FLUSH MANIFOLD PKD,Each,Equipment,CHEMICAL DISPENSING MISCELLANEOUS EQUIP,8
92181005,RINSE MAX IID PKD,Each,Equipment,MISCELLANEOUS SPARE PARTS,8
92571157,SLTRN1000 W/LG KEY GDE PKD,Each,Equipment,SOLITRON DISPENSER,8
92171388,STACKING PERSTLC PMP KIT PKD,Each,Equipment,MISCELLANEOUS SPARE PARTS,8
92301017,RNS ADDT EMPTY SNSR ALM KIT,Each,Equipment,MISCELLANEOUS SPARE PARTS,8
92581131,TSTAR XP 4PMP INSTL KIT,Each,Equipment,MISCELLANEOUS SPARE PARTS,8
92592574,LBL PROD LCLS,Each,Equipment,#N/A,8
96522112,GDE DR HI HOOD EC,Each,Equipment,DISHMACHINE DOOR GUIDE,8
85284156,VAC BRKR 1/2 RPR KIT WATTS,Each,Equipment,VACUUM BREAKER REPAIR KIT,8
85244259,VLV CHK 1/4BARB PVC,Each,Equipment,VALVE-CHECK,8
96542809,TUBE DTRG .25X8.25 SNTPRN,Each,Equipment,TUBING,8
85545077,TEE UN 3/8T PP EP PUSHIN,Each,Equipment,#N/A,8
92292003,LBL BTL ECOSAN,Each,Equipment,MANUAL WAREWASHING-SPRAY BOTTLE LABELS,8
92154110,LBL BTL NEUT BTHRM,Each,Equipment,HOUSEKEEPING-SPRAY BOTTLE LABELS,8
92153058,LBL BTL KYSTN VGRSO LVNDR,Each,Equipment,HOUSEKEEPING-SPRAY BOTTLE LABELS,8
50001197,FU TD 5MMX20MM 16A 250VAC,Each,Equipment,MISCELLANEOUS SPARE PARTS,8
92023202,LBL BTL QC50 UC GLS,Each,Equipment,HOUSEKEEPING-SPRAY BOTTLE LABELS,8
83114008,CONN 5POS TERM BLK 20A 400V,Each,Equipment,CONNECTORS,8
87029047,KEY REPL ENCL LOCK 176,Each,Equipment,MISCELLANEOUS SPARE PARTS,8
85015378,TBG FLX .375X.062X100 PVC,Each,Equipment,TUBING,8
92021192,NEXA TF CLSC DISP BLK 1PK,Each,Equipment,NEXA CLASSIC TOUCH FREE DISPENSER,9
53001924,LDS MB 3.5GPM AG DISP 2PK,Each,Equipment,OASIS PRO DISPENSER,9
92021193,NEXA TF CLSC DISP WHT 1PK,Each,Equipment,NEXA CLASSIC TOUCH FREE DISPENSER,9
96021316,THERMOMETER 96 LEAD ES44,Each,Equipment,DISHMACHINE MISCELLANEOUS SPARE PARTS,9
85017085,TBG FLX .62X.135X25FT EPDM,Each,Equipment,TUBING,9
92180892,PERSTLC TBG 1/2CC KIT,Each,Equipment,TUBING,9
87301148,CLP HOSE 7/32X5/8 SST 25PK,Each,Equipment,MISCELLANEOUS SPARE PARTS,9
96041934,GSKT AIRGAP OMEGA5,Each,Equipment,GASKET,9
92151374,OAS PRO 73 LBL KIT,Each,Equipment,OASIS PRO LABEL KIT,9
53004011,QC RAPID MSDC LBL KIT,Each,Equipment,OASIS PRO LABEL KIT,9
92153544,LBL BTL OAS/OP/QC MRNG BREZ,Each,Equipment,HOUSEKEEPING-SPRAY BOTTLE LABELS,9
92023360,LBL BTL QC77BIOENZODRELMNTR,Each,Equipment,HOUSEKEEPING-SPRAY BOTTLE LABELS,9
85635004,ELB SWVL 3/8TX3/8MNPTPUSHIN,Each,Equipment,ELBOW FITTING,9
92153538,LBL BTL OAS/OP CLN ESCP,Each,Equipment,HOUSEKEEPING-SPRAY BOTTLE LABELS,9
53005090,LBL BTL NEUT DISINF CLNR .5OZ DLTN,Each,Equipment,HOUSEKEEPING-SPRAY BOTTLE LABELS,9
87020025,KEY REPL ENCL LOCK D30,Each,Equipment,MISCELLANEOUS SPARE PARTS,9
96020094,GSKT BSTR HTR SNTPRN ES44,Each,Equipment,GASKET,9
96020482,ES44 CNVR GSKT RNS ASSY,Each,Equipment,GASKET,9
89990782,TAPE DBL BACK 1W,Each,Equipment,MISCELLANEOUS TOOLS AND SUPPLIES,9
83100537,TWIN TAB ADPT 1/4,Each,Equipment,DISHMACHINE MISCELLANEOUS SPARE PARTS,9
92152837,LBL ID SM KYSTN P&P DETR,Each,Equipment,MANUAL WAREWASHING-DISPENSER LABELS,9
92231091,GEOCENTER W/CELL PKD,Each,Equipment,GEO DISPENSER,10
50002521,CONTR 3P 120V 12A,Each,Equipment,MISCELLANEOUS SPARE PARTS,10
50000511,PMP DPHM .4L/MIN PP,Each,Equipment,MISCELLANEOUS SPARE PARTS,10
83000006,RLY SPDT 24V AC/DC 6A DIN,Each,Equipment,MISCELLANEOUS SPARE PARTS,10
83900944,FU 50A 300V,Each,Equipment,DISHMACHINE MISCELLANEOUS SPARE PARTS,10
83008250,CONTR 2P 120V 25A NO,Each,Equipment,CONTACTOR,10
85643003,TEE 3/8TX3/8CPX3/8CP BRS,Each,Equipment,MISCELLANEOUS SPARE PARTS,10
85015152,TBG FLX .438X.094X6-5/8,Each,Equipment,MISCELLANEOUS SPARE PARTS,10
96522200,RLR DRIVE INR EC MACH,Each,Equipment,MISCELLANEOUS SPARE PARTS,10
92643105,LBL BTL LIME-A-WAY,Each,Equipment,HOUSEKEEPING-SPRAY BOTTLE LABELS,10
92153288,LBL BTL OAS PRO CLN ESCAPE,Each,Equipment,OASIS SPRAY BOTTLE/LABEL,10
92153040,LBL BTL KYSTN GREASELIFT,Each,Equipment,HOUSEKEEPING-SPRAY BOTTLE LABELS,10
53003647,LBL BTL QC40 DAILY DISINF CLNR,Each,Equipment,HOUSEKEEPING-SPRAY BOTTLE LABELS,10
53004008,LBL ID LDS RAPID MSDC,Each,Equipment,HOUSEKEEPING-DISPENSER LABELS,10
96022100,LBL PROPERTY ECOLAB LSD DM,Each,Equipment,MISCELLANEOUS SPARE PARTS,10
92231161,SMTPWRFL/ULT PRESK DISP PKD,Each,Equipment,CHEMICAL DISPENSING MISCELLANEOUS EQUIP,11
53004114,GREASELIFT INSTL KIT,Each,Equipment,MISCELLANEOUS SPARE PARTS,11
85283489,SLND VLV RPR KIT 1/2 PARKER,Each,Equipment,SOLENOID-REPAIR KITS,11
84604867,PMP HD PERSTLC W/ 1/2CC BLU,Each,Equipment,#N/A,11
53006083,TRUPOWER ENZY MNL DTRG&SOAK INSTL KIT,Each,Equipment,OASIS INSTALL KITS,11
92151132,SWSHNWLK INSTL KIT,Each,Equipment,MISCELLANEOUS SPARE PARTS,11
92180876,PERSTLC TBG 2CC KIT,Each,Equipment,TUBING,11
92520782,SWIVEL ASSY 5 GAL,Each,Equipment,MISCELLANEOUS SPARE PARTS,11
83311589,CONN CND 1/2 NYL LIQT ADJ,Each,Equipment,CONNECTORS,11
85244242,VLV CHK 3/8BARBX1/4MNPT PVC,Each,Equipment,#N/A,11
92152980,TRAY DRIP OP SEL4/ULTRA1WHT,Each,Equipment,MISCELLANEOUS SPARE PARTS,11
85786087,ADPTR BAG 1/4 BARB PP BLK,Each,Equipment,MISCELLANEOUS SPARE PARTS,11
85615425,CONN 3/8TX3/8MNPT PP PUSHIN,Each,Equipment,CONNECTORS,11
92153365,LBL DISP OAS73/OP73/KYSTN73,Each,Equipment,MISCELLANEOUS SPARE PARTS,11
83102269,DISCONN FEM 1/4 16-14 BLU,Each,Equipment,DISHMACHINE MISCELLANEOUS SPARE PARTS,11
50001150,PMP DPHM 140ML/MIN PPS12/24,Each,Equipment,MISCELLANEOUS SPARE PARTS,12
92651007,FIRST IMPR ARSLDISP 1PK,Each,Equipment,FIRST IMPRESSION DISPENSER,12
92631282,DUAL GALLON BTL HLDR PKD,Each,Equipment,MISCELLANEOUS SPARE PARTS,12
92153284,LBL BTL OAS CLN ESCAPE,Each,Equipment,HOUSEKEEPING-SPRAY BOTTLE LABELS,12
92153454,LBL BTL ZEPHAIR CITRUS,Each,Equipment,MISCELLANEOUS SPARE PARTS,12
92154100,LBL BTL ACID BTHRM,Each,Equipment,HOUSEKEEPING-SPRAY BOTTLE LABELS,12
92292006,RK WL AEROLITE XP 1PROD,Each,Equipment,HALF SIZE OPEN RACK,13
93202272,PLUG BYP SMF 6,Each,Equipment,HIGH CAPACITY EQUIPMENT - BYPASS,13
92152857,LBL BTL KYSTN MLTQUAT SNTZR,Each,Equipment,HOUSEKEEPING-SPRAY BOTTLE LABELS,13
87250200,GSKT HTR ELEM,Each,Equipment,GASKET,13
92022993,TRAY DRIP NEXA/PRIMALINE W/TAPE WHT,Each,Equipment,DRIP TRAY,13
96552336,GLD DR 23.5 UHMWPE,Each,Equipment,DISHMACHINE DOOR PARTS,13
92022989,TRAY DRIP NEXA/PRIMALINE W/TAPE BLK,Each,Equipment,DRIP TRAY,13
83114006,CONN 2POS TERM BLK 20A 400V,Each,Equipment,CONNECTORS,13
53003940,FLEX PAK SCOUT INSTL KIT,Each,Equipment,INSTALL KITS,14
92152306,RK WIRE BAG HLDR 2.5GAL WHT PKD,Each,Equipment,MISCELLANEOUS SPARE PARTS,14
92221134,2.5 GAL PICKUP PROBE ASSY,Each,Equipment,MISCELLANEOUS SPARE PARTS,14
92652395,BTL SPY 24OZ ECL 12PK,Each,Equipment,SPRAY BOTTLE,14
85254013,VLV SHUT OFF 3/8 PUSHIN,Each,Equipment,VALVE-OTHER,14
92042027,DPHM SLND VLV VTN,Each,Equipment,MISCELLANEOUS SPARE PARTS,14
92782078,SPYR TRIG 32OZ 9-3/4,Each,Equipment,SPRAY BOTTLE TRIGGER SPRAYER,14
83109140,CA TIE SELF-CLINCH BLK,Each,Equipment,MISCELLANEOUS SPARE PARTS,14
92023713,NEXA MNL CMPCT BLK KYSTN1PK,Each,Equipment,HAND AND SKIN HYGIENE-DISPENSER,15
92023093,NEXA MNL CLSC DISP WHT 1PK,Each,Equipment,NEXA CLASSIC MANUAL DISPENSER,15
92023088,NEXA CMPCT MNL DISP WHT 1PK,Each,Equipment,NEXA COMPACT MANUAL DISPENSER,15
92371103,WASH MAX DISPENSER PKD,Each,Equipment,WASH MAX DISPENSER,15
53002276,SMTPWR S&SCLNRSNTZR BTL INSTL KIT,Each,Equipment,OASIS INSTALL KITS,15
53004043,LBL BTL QC RAPID MSDC,Each,Equipment,HOUSEKEEPING-SPRAY BOTTLE LABELS,15
92153242,LBL BTL PEROX MSCDISINF,Each,Equipment,HOUSEKEEPING-SPRAY BOTTLE LABELS,15
92633981,LBL BLU WTR LINE WASH,Each,Equipment,MANUAL WAREWASHING-SINK LABELS,15
92633973,LBL BLK WTR LINE RNS,Each,Equipment,MANUAL WAREWASHING-SINK LABELS,15
92633965,LBL RED WTR LINE SANI,Each,Equipment,MANUAL WAREWASHING-SINK LABELS,15
92001478,VAC BRKR 1/2RPR W/CAP WATTS,Each,Equipment,VACUUM BREAKER,16
53003988,KYSTN RAPID MSDC CVRSN KIT,Each,Equipment,HOUSEKEEPING-SPRAY BOTTLE LABELS,16
92004902,HOSE WTR 1/2IDX5FT RBR BLK,Each,Equipment,#N/A,16
93022003,STRN LINE 1/4FNPT PP CLR,Each,Equipment,DISHMACHINE MISCELLANEOUS SPARE PARTS,16
92022863,LBL BTL MAXX DLACTN FLR,Each,Equipment,FLOOR CARE-SPRAY BOTTLE LABELS,16
92152900,LBL BTL OAS MRNG BREEZE,Each,Equipment,HOUSEKEEPING-SPRAY BOTTLE LABELS,16
92152898,LBL BTL OAS LNDRY FRESH,Each,Equipment,HOUSEKEEPING-SPRAY BOTTLE LABELS,16
83114007,CONN 3POS TERM BLK 20A 400V,Each,Equipment,CONNECTORS,16
92152698,LBL DISP PANTASTIC S4,Each,Equipment,MANUAL WAREWASHING-DISPENSER LABELS,16
88429113,NUT LOCK 1/4-20 W/NYL INSR 304SST,Each,Equipment,LOCK WASHER,16
53001927,LDS BTLACTV SB EGAP DISP2PK,Each,Equipment,OASIS PRO DISPENSER,17
53002284,STP TST SNTZR SMTPWR SS,Each,Equipment,TEST STIPS,17
92631970,BULK HAND CARE DISP 1PK,Each,Equipment,BULK HAND CARE DISPENSER,17
96020060,GSKT MOT MT EC,Each,Equipment,GASKET,17
92152521,LBL BTL OAS 137,Each,Equipment,HOUSEKEEPING-SPRAY BOTTLE LABELS,17
96563812,STERO PUMP SEAL P57-1697,Each,Equipment,DISHMACHINE MISCELLANEOUS SPARE PARTS,18
96557475,BALL PL DRN,Each,Equipment,MISCELLANEOUS SPARE PARTS,18
96522103,CURT 20.5X24.5 ECNVR,Each,Equipment,CURTAINS-SPLASH,19
53001923,LDS SB 1GPM EGAP DISP 2PK,Each,Equipment,OASIS PRO DISPENSER,20
53001468,NORNS ALK FLRCLNR INSTL KIT,Each,Equipment,OASIS INSTALL KITS,20
88020458,SCR HHCS 1/4-20X3/4 304SST,Each,Equipment,DISHMACHINE MISCELLANEOUS SPARE PARTS,20
96572004,TBG FLX .429X.134X8 NPRN,Each,Equipment,TUBING,21
96522176,ROD CURT EC MACH,Each,Equipment,CURTAINS-ACCESSORIES,21
96021035,SPR DRIVE ES44,Each,Equipment,DISHMACHINE MISCELLANEOUS SPARE PARTS,21
96560396,WSHR FLAT HVY MOT END,Each,Equipment,MISCELLANEOUS SPARE PARTS,21
92151197,OAS 146 MULTIQUAT INSTL KIT,Each,Equipment,OASIS INSTALL KITS,22
92002142,WRENCH BUNG MULT-CLOS NYL,Each,Equipment,MISCELLANEOUS SPARE PARTS,22
88009097,SCR SHCS 3/8-16X2 316SST,Each,Equipment,DISHMACHINE MISCELLANEOUS SPARE PARTS,22
96040983,CURTAIN 19''LONG WH-66,Each,Equipment,CURTAINS-SPLASH,23
85015201,TBG FLX .500X.0625X50 EVA,Each,Equipment,TUBING,24
92291003,OASIS 1GAL PU PRB KIT,Each,Equipment,OASIS ACCESSORY,24
92631126,TUBE NUT & SLV 1/4 IN 10 PK,Each,Equipment,TUBING,24
53006350,GREASELIFT&FRYR CLNR INSTL KIT,Each,Equipment,OASIS INSTALL KITS,25
92223692,RK WIRE 2L HLDR COLPS SST,Each,Equipment,WIRE RACK,25
96022272,BAR RLR PAWL ES4400,Each,Equipment,DISHMACHINE MISCELLANEOUS SPARE PARTS,25
84804962,TBG FLX .750X.125 PVC REINF,Each,Equipment,TUBING,25
85015170,TBG FLX .250X.040 PP,Each,Equipment,TUBING,25
92652352,SPYR TRIG 7-5/8 24OZ 12PK,Each,Equipment,SPRAY BOTTLE TRIGGER SPRAYER,26
53003994,LBL BTL KYSTN RAPID MSDC,Each,Equipment,HOUSEKEEPING-SPRAY BOTTLE LABELS,27
89990790,TAPE DBL BACK 1/2W,Each,Equipment,FLOOR CLEANING ACCESSORIES,27
92632026,RINSE CUPS,Each,Equipment,HOUSEKEEPING TOOLS,28
92151022,GREASELIFT BTL W/SPY FMR 4PK,Each,Equipment,DISHMACHINE MISCELLANEOUS SPARE PARTS,29
92023362,LBL BTL QC73 ACID BTHRMCLNR,Each,Equipment,HOUSEKEEPING-SPRAY BOTTLE LABELS,29
53003992,LBL BTL RAPID MSDC,Each,Equipment,HOUSEKEEPING-SPRAY BOTTLE LABELS,30
92152540,LBL BTL OAS 146,Each,Equipment,HOUSEKEEPING-SPRAY BOTTLE LABELS,30
92023091,NEXA MNL CLSC DISP BLK 1PK,Each,Equipment,NEXA CLASSIC MANUAL DISPENSER,30
53001922,LDS MB 3.5GPM EGAP DISP 2PK,Each,Equipment,OASIS PRO DISPENSER,30
92151313,OP 2X2L PROD HLDR WHTA PKD,Each,Equipment,MISCELLANEOUS SPARE PARTS,30
92023087,NEXA CMPCT MNL DISP BLK 1PK,Each,Equipment,NEXA COMPACT MANUAL DISPENSER,30
92171271,RINSE INJ CHECK VALVE KIT,Each,Equipment,DISHMACHINE MISCELLANEOUS SPARE PARTS,30
94802188,HOSE WTR 3/8IDX6FT NSF,Each,Equipment,#N/A,30
92153556,LBL BTL OAS/OP GRDN SNSHN,Each,Equipment,HOUSEKEEPING-SPRAY BOTTLE LABELS,30
96021548,CURT LONG (21''LG) ES44,Each,Equipment,CURTAINS-SPLASH,31
96021555,CURT SHORT 12LG ES44,Each,Equipment,CURTAINS-SPLASH,31
92653666,LBL BTL GREASECUTTER PLUS,Each,Equipment,HOUSEKEEPING-SPRAY BOTTLE LABELS,32
92153367,LBL BTL OAS PRO 73,Each,Equipment,HOUSEKEEPING-SPRAY BOTTLE LABELS,32
92332949,BTRY PAK 15VDC SYS ELEC,Each,Equipment,BATTERY,33
53005189,CH WL RAPID MSDC,Each,Equipment,CHART AND WALL CHART,33
85793024,VLV HOSE Y 3/4 BRASS,Each,Equipment,VALVE-OTHER,35
92292013,LBL BTL OAS 66,Each,Equipment,HOUSEKEEPING-SPRAY BOTTLE LABELS,35
53006234,LBL BTL GREASELIFT&FRYR CLNR,Each,Equipment,KITCHEN HYGIENE-SPRAY BOTTLE LABELS,36
92631258,ONE GALLON BOTTLE HLDR PKD,Each,Equipment,MISCELLANEOUS SPARE PARTS,37
92154090,LBL BTL GL CLNR,Each,Equipment,HOUSEKEEPING-SPRAY BOTTLE LABELS,37
92612000,PERSTLC PUMP REPL TBG 12PK,Each,Equipment,DISHMACHINE MISCELLANEOUS SPARE PARTS,39
92510742,TBG FLX .62X.135X14 EPDM,Each,Equipment,TUBING,39
92152728,LBL BTL OAS PRO 66,Each,Equipment,HOUSEKEEPING-SPRAY BOTTLE LABELS,39
85645307,TEE UN 3/8T KYN,Each,Equipment,MISCELLANEOUS SPARE PARTS,40
50002534,TBG FLX .250X.062 TYGN CLR,Each,Equipment,MISCELLANEOUS SPARE PARTS,43
92153560,LBL BTL OAS/OP ISL WAVE RM,Each,Equipment,HOUSEKEEPING-SPRAY BOTTLE LABELS,43
92633817,CHL TEST PAPER 100PCS,Each,Equipment,MISCELLANEOUS SPARE PARTS,44
92642530,QUAT TEST PAPERS QT-40,Each,Equipment,TEST KIT,45
92153364,LBL BTL OAS 73,Each,Equipment,HOUSEKEEPING-SPRAY BOTTLE LABELS,46
92153039,LBL BTL GREASELIFT,Each,Equipment,HOUSEKEEPING-SPRAY BOTTLE LABELS,48
53004010,RAPID MSDC BTL INSTL KIT,Each,Equipment,OASIS INSTALL KITS,49
85017119,TBG FLX 3/8X3/16X8 SILCNE,Each,Equipment,TUBING,50
92291350,OASIS WALL RACK PKD,Each,Equipment,OASIS RACK,57
53002279,LBL BTL SMTPWR SS SNTZR,Each,Equipment,MANUAL WAREWASHING-SPRAY BOTTLE LABELS,60
92153038,LBL BTL HPF NEUT FLR,Each,Equipment,FLOOR CARE-SPRAY BOTTLE LABELS,72
83241273,CA 20/4,Each,Equipment,#N/A,83
85015188,TBG FLX .375X.062 PP,Each,Equipment,TUBING,83
85015154,TBG FLX .125X.023 PP,Each,Equipment,MISCELLANEOUS SPARE PARTS,83
85015220,TBG FLX .250X.040 PE BLK,Each,Equipment,MISCELLANEOUS SPARE PARTS,83
96562673,TBG FLX .397X.105X8 TYGON,Each,Equipment,TUBING,90
83300541,CND FLX 1/2 NM LIQT,Each,Equipment,DISHMACHINE MISCELLANEOUS SPARE PARTS,150
53002861,2.5GAL CBTNR PU PRB ASSY,Each,Equipment,MISCELLANEOUS SPARE PARTS,151
85015105,TBG FLX .250X.040X1000 PE,Each,Equipment,TUBING,300
